"id","createdby","createddate","modifiedby","modifieddate","cnbdetails","cnbnotes","cnbphotourl","cnbstatus","cnbtplid","cnbtplname","company","ougrade"
9,EMP-205,2020-01-30 13:20:52,EMP-205,,,"","",ACTIVE,CNBTPL-1580365312011,BENEFIT & COMPENSATION DIREKSI,,
10,EMP-205,2020-01-30 13:22:09,EMP-205,,,"","",ACTIVE,CNBTPL-1580365339696,BENEFIT & COMPENSATION DEPUTI,,
11,EMP-205,2020-01-30 13:22:50,EMP-205,,,"","",ACTIVE,CNBTPL-1580365373145,BENEFIT & COMPENSATION KOMISARIS,,
12,EMP-205,2020-01-30 13:23:01,EMP-205,,,"","",ACTIVE,CNBTPL-1580365386461,BENEFIT & COMPENSATION EXECUTIVE OFFICER,,
13,EMP-205,2020-01-30 13:23:17,EMP-205,,,"","",ACTIVE,CNBTPL-1580365401458,BENEFIT & COMPENSATION SENIOR OFFICER,,
14,EMP-205,2020-01-30 13:23:17,EMP-205,,,"","",ACTIVE,CNBTPL-1580365413538,BENEFIT & COMPENSATION STAFF,,
27,EMP-205,2020-01-31 15:44:52,SYSTEM,2020-01-31 16:18:58,[],"",image/configuration_cnb/IMG_CNB_CNBTPL-1580460501177-BAG.jpg,ACTIVE,CNBTPL-1580460501177,BENEFIT & COMPENSATION GOLONGAN 3 GRADE 5,"{""esID"":""ES-1579352234417"",""esSubcoID"":""SUBCO-157935223441714"",""esName"":""Bank Artha Graha Sudirman (KPNO)""}","{""bizparKey"":""GRADE-005"",""bizparStatus"":""ACTIVE"",""bizparValue"":""5"",""bizparCreationalDTO"":{""createdBy"":""EMP-205"",""createdDate"":""11-02-2020 10:42:21"",""modifiedBy"":""EMP-205"",""modifiedDate"":null},""bizparCategory"":""CORPORATE_GRADE""}"
31,EMP-205,2020-01-31 15:44:52,SYSTEM,2020-01-31 16:30:35,[],"",image/configuration_cnb/IMG_CNB_CNBTPL-1580460586583-BAG.jpg,ACTIVE,CNBTPL-1580460586583,BENEFIT & COMPENSATION GOLONGAN 4 GRADE 3,"{""esID"":""ES-1579352234417"",""esSubcoID"":""SUBCO-157935223441714"",""esName"":""Bank Artha Graha Sudirman (KPNO)""}","{""bizparKey"":""GRADE-003"",""bizparStatus"":""ACTIVE"",""bizparValue"":""3"",""bizparCreationalDTO"":{""createdBy"":""EMP-205"",""createdDate"":""11-02-2020 10:42:21"",""modifiedBy"":""EMP-205"",""modifiedDate"":null},""bizparCategory"":""CORPORATE_GRADE""}"
28,EMP-205,2020-01-31 15:44:52,SYSTEM,2020-01-31 16:20:44,[],"",image/configuration_cnb/IMG_CNB_CNBTPL-1580460514205-BAG.jpg,ACTIVE,CNBTPL-1580460514205,BENEFIT & COMPENSATION GOLONGAN 3 GRADE 6,"{""esID"":""ES-1579352234417"",""esSubcoID"":""SUBCO-157935223441714"",""esName"":""Bank Artha Graha Sudirman (KPNO)""}","{""bizparKey"":""GRADE-006"",""bizparStatus"":""ACTIVE"",""bizparValue"":""6"",""bizparCreationalDTO"":{""createdBy"":""EMP-205"",""createdDate"":""11-02-2020 10:42:21"",""modifiedBy"":""EMP-205"",""modifiedDate"":null},""bizparCategory"":""CORPORATE_GRADE""}"
22,EMP-205,2020-01-31 15:44:52,SYSTEM,2020-03-16 04:52:31,[],"",image/configuration_cnb/IMG_CNB_CNBTPL-1580460430173-BAG.jpg,ACTIVE,CNBTPL-1580460430173,BENEFIT & COMPENSATION GOLONGAN 1 GRADE 12,"{""esID"":""ES-1579352234417"",""esSubcoID"":""SUBCO-157935223441714"",""esName"":""Bank Artha Graha Sudirman (KPNO)""}","{""bizparKey"":""GRADE-012"",""bizparStatus"":""ACTIVE"",""bizparValue"":""12"",""bizparCreationalDTO"":{""createdBy"":""EMP-205"",""createdDate"":""11-02-2020 10:42:21"",""modifiedBy"":""EMP-205"",""modifiedDate"":null},""bizparCategory"":""CORPORATE_GRADE""}"
32,EMP-205,2020-01-31 15:44:52,SYSTEM,2020-01-31 16:33:36,[],"",image/configuration_cnb/IMG_CNB_CNBTPL-1580460596569-BAG.jpg,ACTIVE,CNBTPL-1580460596569,BENEFIT & COMPENSATION GOLONGAN 5 GRADE 0,"{""esID"":""ES-1579352234417"",""esSubcoID"":""SUBCO-157935223441714"",""esName"":""Bank Artha Graha Sudirman (KPNO)""}","{""bizparKey"":""GRADE-014"",""bizparStatus"":""ACTIVE"",""bizparValue"":""0"",""bizparCreationalDTO"":{""createdBy"":""EMP-205"",""createdDate"":""12-03-2020 02:14:57"",""modifiedBy"":""EMP-205"",""modifiedDate"":null},""bizparCategory"":""CORPORATE_GRADE""}"
21,EMP-205,2020-01-31 15:44:52,SYSTEM,2020-01-31 16:06:29,[],"",image/configuration_cnb/IMG_CNB_CNBTPL-1580460420335-BAG.jpg,ACTIVE,CNBTPL-1580460420335,BENEFIT & COMPENSATION GOLONGAN 1 GRADE 11,"{""esID"":""ES-1579352234417"",""esSubcoID"":""SUBCO-157935223441714"",""esName"":""Bank Artha Graha Sudirman (KPNO)""}","{""bizparKey"":""GRADE-011"",""bizparStatus"":""ACTIVE"",""bizparValue"":""11"",""bizparCreationalDTO"":{""createdBy"":""EMP-205"",""createdDate"":""11-02-2020 10:42:21"",""modifiedBy"":""EMP-205"",""modifiedDate"":null},""bizparCategory"":""CORPORATE_GRADE""}"
40,EMP-205,2020-04-02 10:41:47,SYSTEM,2020-04-02 12:40:55,"[{""cNBDetaiID"":""CNBCOM-1585805960637"",""cNBValue"":2,""cNBDetailNotes"":"""",""cNBType"":""BENEFIT"",""cNBComponent"":{""bizparKey"":""COMPTYPE-006"",""bizparStatus"":""ACTIVE"",""bizparValue"":""Persalinan - Keguguran"",""bizparCreationalDTO"":{""createdBy"":""EMP-205"",""createdDate"":""13-03-2020 16:06:03"",""modifiedBy"":""EMP-205"",""modifiedDate"":""13-03-2020 23:23:47""},""bizparCategory"":""COMPENSATION_TYPE""},""cNBValueType"":{""bizparKey"":""PAYROLL_TPL_COMPONENT_TYPE"",""bizparStatus"":""ACTIVE"",""bizparValue"":""UMUM"",""bizparCreationalDTO"":{""createdBy"":""E24202D3"",""createdDate"":""17-02-2020 22:36:53"",""modifiedBy"":""E24202D3"",""modifiedDate"":null},""bizparCategory"":""PAYROLL_TPL_COMPONENT_TYPE""}}]","","",INACTIVE,CNBTPL-1585805591851,Grade 2,"{""esID"":""ES-001"",""esSubcoID"":""SUBCO-001"",""esName"":""PT TIGA DAYA DIGITAL INDONESIA""}",
36,EMP-205,2020-04-02 10:03:33,SYSTEM,2020-04-02 10:40:03,"[{""cNBDetaiID"":""CNBCOM-1585798766367"",""cNBValue"":2000000,""cNBDetailNotes"":"""",""cNBType"":""BENEFIT"",""cNBComponent"":{""bizparKey"":""COMPTYPE-001"",""bizparStatus"":""ACTIVE"",""bizparValue"":""Rawat Jalan"",""bizparCreationalDTO"":{""createdBy"":""EMP-205"",""createdDate"":""13-03-2020 16:06:03"",""modifiedBy"":""EMP-205"",""modifiedDate"":null},""bizparCategory"":""COMPENSATION_TYPE""},""cNBValueType"":{""bizparKey"":""PAYROLL_TPL_COMPONENT_TYPE"",""bizparStatus"":""ACTIVE"",""bizparValue"":""UMUM"",""bizparCreationalDTO"":{""createdBy"":""E24202D3"",""createdDate"":""17-02-2020 22:36:53"",""modifiedBy"":""E24202D3"",""modifiedDate"":null},""bizparCategory"":""PAYROLL_TPL_COMPONENT_TYPE""}},{""cNBDetaiID"":""CNBCOM-1585798803527"",""cNBValue"":5000000,""cNBDetailNotes"":"""",""cNBType"":""BENEFIT"",""cNBComponent"":{""bizparKey"":""COMPTYPE-011"",""bizparStatus"":""ACTIVE"",""bizparValue"":""Tunjangan Pernikahan"",""bizparCreationalDTO"":{""createdBy"":""EMP-205"",""createdDate"":""13-03-2020 16:06:03"",""modifiedBy"":""EMP-205"",""modifiedDate"":null},""bizparCategory"":""COMPENSATION_TYPE""},""cNBValueType"":{""bizparKey"":""PAYROLL_TPL_COMPONENT_TYPE"",""bizparStatus"":""ACTIVE"",""bizparValue"":""UMUM"",""bizparCreationalDTO"":{""createdBy"":""E24202D3"",""createdDate"":""17-02-2020 22:36:53"",""modifiedBy"":""E24202D3"",""modifiedDate"":null},""bizparCategory"":""PAYROLL_TPL_COMPONENT_TYPE""}}]","","",ACTIVE,CNBTPL-1585798715082,AGP - Level 1,"{""esID"":""ES-001"",""esSubcoID"":""SUBCO-001"",""esName"":""PT TIGA DAYA DIGITAL INDONESIA""}",
47,EMP-205,2020-04-20 01:17:16,SYSTEM,2020-04-20 03:32:40,"[{""cNBDetaiID"":""CNBCOM-1587353560822"",""cNBValue"":10000000,""cNBDetailNotes"":"""",""cNBType"":""BENEFIT"",""cNBComponent"":{""bizparKey"":""COMPTYPE-004"",""bizparStatus"":""ACTIVE"",""bizparValue"":""Persalinan - Normal"",""bizparCreationalDTO"":{""createdBy"":""EMP-205"",""createdDate"":""13-03-2020 16:06:03"",""modifiedBy"":""EMP-205"",""modifiedDate"":""13-03-2020 23:23:25""},""bizparCategory"":""COMPENSATION_TYPE""},""cNBValueType"":{""bizparKey"":""PAYTPLCOMTYP-02"",""bizparStatus"":""ACTIVE"",""bizparValue"":""STANDARD"",""bizparCreationalDTO"":{""createdBy"":""SYSTEM"",""createdDate"":""11-09-2019 17:38:08"",""modifiedBy"":null,""modifiedDate"":null},""bizparCategory"":""PAYROLL_TPL_COMPONENT_TYPE""}}]","","",ACTIVE,CNBTPL-1587353464769,Golongan 3,"{""esID"":""ES-001"",""esSubcoID"":""SUBCO-001"",""esName"":""PT TIGA DAYA DIGITAL INDONESIA""}",
25,EMP-205,2020-01-31 15:44:52,SYSTEM,2020-02-12 14:37:35,[],"",image/configuration_cnb/IMG_CNB_CNBTPL-1580460469141-BAG.jpg,ACTIVE,CNBTPL-1580460469141,BENEFIT & COMPENSATION GOLONGAN 2 GRADE 9,"{""esID"":""ES-1579352234417"",""esSubcoID"":""SUBCO-157935223441714"",""esName"":""Bank Artha Graha Sudirman (KPNO)""}","{""bizparKey"":""GRADE-009"",""bizparStatus"":""ACTIVE"",""bizparValue"":""9"",""bizparCreationalDTO"":{""createdBy"":""EMP-205"",""createdDate"":""11-02-2020 10:42:21"",""modifiedBy"":""EMP-205"",""modifiedDate"":null},""bizparCategory"":""CORPORATE_GRADE""}"
24,EMP-205,2020-01-31 15:44:52,SYSTEM,2020-01-31 16:12:30,[],"",image/configuration_cnb/IMG_CNB_CNBTPL-1580460459645-BAG.jpg,ACTIVE,CNBTPL-1580460459645,BENEFIT & COMPENSATION GOLONGAN 2 GRADE 8,"{""esID"":""ES-1579352234417"",""esSubcoID"":""SUBCO-157935223441714"",""esName"":""Bank Artha Graha Sudirman (KPNO)""}","{""bizparKey"":""GRADE-008"",""bizparStatus"":""ACTIVE"",""bizparValue"":""8"",""bizparCreationalDTO"":{""createdBy"":""EMP-205"",""createdDate"":""11-02-2020 10:42:21"",""modifiedBy"":""EMP-205"",""modifiedDate"":null},""bizparCategory"":""CORPORATE_GRADE""}"
37,EMP-205,2020-04-02 10:04:43,SYSTEM,2020-04-02 10:41:23,"[{""cNBDetaiID"":""CNBCOM-1585798788748"",""cNBValue"":10000000,""cNBDetailNotes"":"""",""cNBType"":""COMPENSATION"",""cNBComponent"":{""bizparKey"":""COMPTYPE-005"",""bizparStatus"":""ACTIVE"",""bizparValue"":""Persalinan - Caesar"",""bizparCreationalDTO"":{""createdBy"":""EMP-205"",""createdDate"":""13-03-2020 16:06:03"",""modifiedBy"":""EMP-205"",""modifiedDate"":""13-03-2020 23:23:34""},""bizparCategory"":""COMPENSATION_TYPE""},""cNBValueType"":{""bizparKey"":""PAYROLL_TPL_COMPONENT_TYPE"",""bizparStatus"":""ACTIVE"",""bizparValue"":""UMUM"",""bizparCreationalDTO"":{""createdBy"":""E24202D3"",""createdDate"":""17-02-2020 22:36:53"",""modifiedBy"":""E24202D3"",""modifiedDate"":null},""bizparCategory"":""PAYROLL_TPL_COMPONENT_TYPE""}},{""cNBDetaiID"":""CNBCOM-1585798883730"",""cNBValue"":2000000,""cNBDetailNotes"":"""",""cNBType"":""BENEFIT"",""cNBComponent"":{""bizparKey"":""COMPTYPE-002"",""bizparStatus"":""ACTIVE"",""bizparValue"":""Obat Bebas"",""bizparCreationalDTO"":{""createdBy"":""EMP-205"",""createdDate"":""13-03-2020 16:06:03"",""modifiedBy"":""EMP-205"",""modifiedDate"":null},""bizparCategory"":""COMPENSATION_TYPE""},""cNBValueType"":{""bizparKey"":""PAYTPLCOMTYP-02"",""bizparStatus"":""ACTIVE"",""bizparValue"":""STANDARD"",""bizparCreationalDTO"":{""createdBy"":""SYSTEM"",""createdDate"":""11-09-2019 17:38:08"",""modifiedBy"":null,""modifiedDate"":null},""bizparCategory"":""PAYROLL_TPL_COMPONENT_TYPE""}}]","","",ACTIVE,CNBTPL-1585798709365,Comben Staff SLS,"{""esID"":""ES-001"",""esSubcoID"":""SUBCO-001"",""esName"":""PT TIGA DAYA DIGITAL INDONESIA""}",
38,EMP-205,2020-04-02 10:41:47,EMP-205,,,"","",INACTIVE,CNBTPL-1585805550942,Grade 2,"{""esID"":""ES-001"",""esSubcoID"":""SUBCO-001"",""esName"":""PT TIGA DAYA DIGITAL INDONESIA""}",
39,EMP-205,2020-04-02 10:41:47,EMP-205,,,"","",INACTIVE,CNBTPL-1585805569584,grade test,"{""esID"":""ES-001"",""esSubcoID"":""SUBCO-001"",""esName"":""PT TIGA DAYA DIGITAL INDONESIA""}",
35,EMP-205,2020-04-02 10:35:25,SYSTEM,2020-04-02 10:37:59,"[{""cNBDetaiID"":""CNBCOM-1585798653792"",""cNBValue"":5000000,""cNBDetailNotes"":"""",""cNBType"":""BENEFIT"",""cNBComponent"":{""bizparKey"":""COMPTYPE-006"",""bizparStatus"":""ACTIVE"",""bizparValue"":""Persalinan - Keguguran"",""bizparCreationalDTO"":{""createdBy"":""EMP-205"",""createdDate"":""13-03-2020 16:06:03"",""modifiedBy"":""EMP-205"",""modifiedDate"":""13-03-2020 23:23:47""},""bizparCategory"":""COMPENSATION_TYPE""},""cNBValueType"":{""bizparKey"":""PAYROLL_TPL_COMPONENT_TYPE"",""bizparStatus"":""ACTIVE"",""bizparValue"":""UMUM"",""bizparCreationalDTO"":{""createdBy"":""E24202D3"",""createdDate"":""17-02-2020 22:36:53"",""modifiedBy"":""E24202D3"",""modifiedDate"":null},""bizparCategory"":""PAYROLL_TPL_COMPONENT_TYPE""}},{""cNBDetaiID"":""CNBCOM-1585798679016"",""cNBValue"":2000000,""cNBDetailNotes"":"""",""cNBType"":""BENEFIT"",""cNBComponent"":{""bizparKey"":""COMPTYPE-002"",""bizparStatus"":""ACTIVE"",""bizparValue"":""Obat Bebas"",""bizparCreationalDTO"":{""createdBy"":""EMP-205"",""createdDate"":""13-03-2020 16:06:03"",""modifiedBy"":""EMP-205"",""modifiedDate"":null},""bizparCategory"":""COMPENSATION_TYPE""},""cNBValueType"":{""bizparKey"":""PAYROLL_TPL_COMPONENT_TYPE"",""bizparStatus"":""ACTIVE"",""bizparValue"":""UMUM"",""bizparCreationalDTO"":{""createdBy"":""E24202D3"",""createdDate"":""17-02-2020 22:36:53"",""modifiedBy"":""E24202D3"",""modifiedDate"":null},""bizparCategory"":""PAYROLL_TPL_COMPONENT_TYPE""}}]","","",ACTIVE,CNBTPL-1585798580382,Grade 1,"{""esID"":""ES-001"",""esSubcoID"":""SUBCO-001"",""esName"":""PT TIGA DAYA DIGITAL INDONESIA""}",
41,EMP-205,2020-04-02 10:41:47,EMP-205,,,"","",INACTIVE,CNBTPL-1585805882688,Grade test,"{""esID"":""ES-001"",""esSubcoID"":""SUBCO-001"",""esName"":""PT TIGA DAYA DIGITAL INDONESIA""}",
42,EMP-205,2020-04-02 10:41:47,SYSTEM,2020-04-02 12:42:07,"[{""cNBDetaiID"":""CNBCOM-1585806112625"",""cNBValue"":3,""cNBDetailNotes"":"""",""cNBType"":""COMPENSATION"",""cNBComponent"":{""bizparKey"":""COMPTYPE-006"",""bizparStatus"":""ACTIVE"",""bizparValue"":""Persalinan - Keguguran"",""bizparCreationalDTO"":{""createdBy"":""EMP-205"",""createdDate"":""13-03-2020 16:06:03"",""modifiedBy"":""EMP-205"",""modifiedDate"":""13-03-2020 23:23:47""},""bizparCategory"":""COMPENSATION_TYPE""},""cNBValueType"":{""bizparKey"":""PAYROLL_TPL_COMPONENT_TYPE"",""bizparStatus"":""ACTIVE"",""bizparValue"":""UMUM"",""bizparCreationalDTO"":{""createdBy"":""E24202D3"",""createdDate"":""17-02-2020 22:36:53"",""modifiedBy"":""E24202D3"",""modifiedDate"":null},""bizparCategory"":""PAYROLL_TPL_COMPONENT_TYPE""}},{""cNBDetaiID"":""CNBCOM-1585806127917"",""cNBValue"":4,""cNBDetailNotes"":"""",""cNBType"":""BENEFIT"",""cNBComponent"":{""bizparKey"":""COMPTYPE-002"",""bizparStatus"":""ACTIVE"",""bizparValue"":""Obat Bebas"",""bizparCreationalDTO"":{""createdBy"":""EMP-205"",""createdDate"":""13-03-2020 16:06:03"",""modifiedBy"":""EMP-205"",""modifiedDate"":null},""bizparCategory"":""COMPENSATION_TYPE""},""cNBValueType"":{""bizparKey"":""PAYTPLCOMTYP-02"",""bizparStatus"":""ACTIVE"",""bizparValue"":""STANDARD"",""bizparCreationalDTO"":{""createdBy"":""SYSTEM"",""createdDate"":""11-09-2019 17:38:08"",""modifiedBy"":null,""modifiedDate"":null},""bizparCategory"":""PAYROLL_TPL_COMPONENT_TYPE""}}]","","",ACTIVE,CNBTPL-1585806079700,Grade 0,"{""esID"":""ES-001"",""esSubcoID"":""SUBCO-001"",""esName"":""PT TIGA DAYA DIGITAL INDONESIA""}",
43,EMP-205,2020-04-03 12:55:59,SYSTEM,2020-04-03 12:58:45,"[{""cNBDetaiID"":""CNBCOM-1585893487777"",""cNBValue"":500000,""cNBDetailNotes"":"""",""cNBType"":""BENEFIT"",""cNBComponent"":{""bizparKey"":""COMPEN_TYPE2"",""bizparStatus"":""ACTIVE"",""bizparValue"":""BENEFIT"",""bizparCreationalDTO"":{""createdBy"":""EMP-205"",""createdDate"":""14-01-2020 18:14:16"",""modifiedBy"":""EMP-205"",""modifiedDate"":""31-01-2020 22:27:42""},""bizparCategory"":""COMPENSATION_TYPE""},""cNBValueType"":{""bizparKey"":""PAYTPLCOMTYP-01"",""bizparStatus"":""ACTIVE"",""bizparValue"":""PERCENTACE"",""bizparCreationalDTO"":{""createdBy"":""SYSTEM"",""createdDate"":""11-09-2019 17:37:56"",""modifiedBy"":null,""modifiedDate"":null},""bizparCategory"":""PAYROLL_TPL_COMPONENT_TYPE""}}]","","",INACTIVE,CNBTPL-1585893432108,DINAS LUAR KOTA TODAY,"{""esID"":""ES-001"",""esSubcoID"":""SUBCO-001"",""esName"":""PT TIGA DAYA DIGITAL INDONESIA""}",
48,EMP-205,2020-04-20 01:25:11,EMP-205,,,"","",ACTIVE,CNBTPL-1587352352572,benefit b,"{""esID"":""ES-001"",""esSubcoID"":""SUBCO-001"",""esName"":""PT TIGA DAYA DIGITAL INDONESIA""}",
44,EMP-205,2020-04-03 12:50:28,SYSTEM,2020-04-08 04:27:54,"[{""cNBDetaiID"":""CNBCOM-1585893705800"",""cNBValue"":1500000,""cNBDetailNotes"":"""",""cNBType"":""COMPENSATION"",""cNBComponent"":{""bizparKey"":""COMPTYPE-002"",""bizparStatus"":""ACTIVE"",""bizparValue"":""Obat Bebas"",""bizparCreationalDTO"":{""createdBy"":""EMP-205"",""createdDate"":""13-03-2020 16:06:03"",""modifiedBy"":""EMP-205"",""modifiedDate"":null},""bizparCategory"":""COMPENSATION_TYPE""},""cNBValueType"":{""bizparKey"":""PAYROLL_TPL_COMPONENT_TYPE"",""bizparStatus"":""ACTIVE"",""bizparValue"":""UMUM"",""bizparCreationalDTO"":{""createdBy"":""E24202D3"",""createdDate"":""17-02-2020 22:36:53"",""modifiedBy"":""E24202D3"",""modifiedDate"":null},""bizparCategory"":""PAYROLL_TPL_COMPONENT_TYPE""}}]","","",INACTIVE,CNBTPL-1585893692162,TES TODAY 8 APRIL 2020,"{""esID"":""ES-001"",""esSubcoID"":""SUBCO-001"",""esName"":""PT TIGA DAYA DIGITAL INDONESIA""}",
49,EMP-205,2020-04-20 01:25:11,EMP-205,,,"","",ACTIVE,CNBTPL-1587352352572,benefit b,"{""esID"":""ES-001"",""esSubcoID"":""SUBCO-001"",""esName"":""PT TIGA DAYA DIGITAL INDONESIA""}",
50,EMP-205,2020-04-20 01:25:11,EMP-205,,,"","",ACTIVE,CNBTPL-1587352352572,benefit b,"{""esID"":""ES-001"",""esSubcoID"":""SUBCO-001"",""esName"":""PT TIGA DAYA DIGITAL INDONESIA""}",
51,EMP-205,2020-04-20 01:25:11,EMP-205,,,"","",ACTIVE,CNBTPL-1587352352572,benefit b,"{""esID"":""ES-001"",""esSubcoID"":""SUBCO-001"",""esName"":""PT TIGA DAYA DIGITAL INDONESIA""}",
52,EMP-205,2020-04-20 01:25:11,EMP-205,,,"","",ACTIVE,CNBTPL-1587352352572,benefit b,"{""esID"":""ES-001"",""esSubcoID"":""SUBCO-001"",""esName"":""PT TIGA DAYA DIGITAL INDONESIA""}",
53,EMP-205,2020-04-20 03:07:32,EMP-205,,,"","",ACTIVE,CNBTPL-1587353154478,Grade 4 test,"{""esID"":""ES-001"",""esSubcoID"":""SUBCO-001"",""esName"":""PT TIGA DAYA DIGITAL INDONESIA""}",
55,EMP-205,2020-04-20 03:16:30,SYSTEM,2020-04-20 03:19:54,"[{""cNBDetaiID"":""CNBCOM-1587352794713"",""cNBValue"":1000000,""cNBDetailNotes"":"""",""cNBType"":""BENEFIT"",""cNBComponent"":{""bizparKey"":""COMPTYPE-002"",""bizparStatus"":""ACTIVE"",""bizparValue"":""Obat Bebas"",""bizparCreationalDTO"":{""createdBy"":""EMP-205"",""createdDate"":""13-03-2020 16:06:03"",""modifiedBy"":""EMP-205"",""modifiedDate"":null},""bizparCategory"":""COMPENSATION_TYPE""},""cNBValueType"":{""bizparKey"":""PAYTPLCOMTYP-02"",""bizparStatus"":""ACTIVE"",""bizparValue"":""STANDARD"",""bizparCreationalDTO"":{""createdBy"":""SYSTEM"",""createdDate"":""11-09-2019 17:38:08"",""modifiedBy"":null,""modifiedDate"":null},""bizparCategory"":""PAYROLL_TPL_COMPONENT_TYPE""}}]","","",ACTIVE,CNBTPL-1587352602394,Benefit C,"{""esID"":""ES-001"",""esSubcoID"":""SUBCO-001"",""esName"":""PT TIGA DAYA DIGITAL INDONESIA""}",
45,EMP-205,2020-04-20 03:17:23,SYSTEM,2020-05-05 01:23:37,"[{""cNBDetaiID"":""CNBCOM-1587353487046"",""cNBValue"":1000000,""cNBDetailNotes"":"""",""cNBType"":""BENEFIT"",""cNBComponent"":{""bizparKey"":""COMPTYPE-006"",""bizparStatus"":""ACTIVE"",""bizparValue"":""Persalinan - Keguguran"",""bizparCreationalDTO"":{""createdBy"":""EMP-205"",""createdDate"":""13-03-2020 16:06:03"",""modifiedBy"":""EMP-205"",""modifiedDate"":""13-03-2020 23:23:47""},""bizparCategory"":""COMPENSATION_TYPE""},""cNBValueType"":{""bizparKey"":""PAYROLL_TPL_COMPONENT_TYPE"",""bizparStatus"":""ACTIVE"",""bizparValue"":""UMUM"",""bizparCreationalDTO"":{""createdBy"":""E24202D3"",""createdDate"":""17-02-2020 22:36:53"",""modifiedBy"":""E24202D3"",""modifiedDate"":null},""bizparCategory"":""PAYROLL_TPL_COMPONENT_TYPE""}},{""cNBDetaiID"":""CNBCOM-1587353552827"",""cNBValue"":356,""cNBDetailNotes"":"""",""cNBType"":""BENEFIT"",""cNBComponent"":{""bizparKey"":""COMPTYPE-011"",""bizparStatus"":""ACTIVE"",""bizparValue"":""Tunjangan Pernikahan"",""bizparCreationalDTO"":{""createdBy"":""EMP-205"",""createdDate"":""13-03-2020 16:06:03"",""modifiedBy"":""EMP-205"",""modifiedDate"":null},""bizparCategory"":""COMPENSATION_TYPE""},""cNBValueType"":{""bizparKey"":""PAYROLL_TPL_COMPONENT_TYPE"",""bizparStatus"":""ACTIVE"",""bizparValue"":""UMUM"",""bizparCreationalDTO"":{""createdBy"":""E24202D3"",""createdDate"":""17-02-2020 22:36:53"",""modifiedBy"":""E24202D3"",""modifiedDate"":null},""bizparCategory"":""PAYROLL_TPL_COMPONENT_TYPE""}},{""cNBDetaiID"":""CNBCOM-1587353748264"",""cNBValue"":1000000,""cNBDetailNotes"":"""",""cNBType"":""BENEFIT"",""cNBComponent"":{""bizparKey"":""COMPTYPE-002"",""bizparStatus"":""ACTIVE"",""bizparValue"":""Obat Bebas"",""bizparCreationalDTO"":{""createdBy"":""EMP-205"",""createdDate"":""13-03-2020 16:06:03"",""modifiedBy"":""EMP-205"",""modifiedDate"":null},""bizparCategory"":""COMPENSATION_TYPE""},""cNBValueType"":{""bizparKey"":""PAYROLL_TPL_COMPONENT_TYPE"",""bizparStatus"":""ACTIVE"",""bizparValue"":""UMUM"",""bizparCreationalDTO"":{""createdBy"":""E24202D3"",""createdDate"":""17-02-2020 22:36:53"",""modifiedBy"":""E24202D3"",""modifiedDate"":null},""bizparCategory"":""PAYROLL_TPL_COMPONENT_TYPE""}},{""cNBDetaiID"":""CNBCOM-1587357498511"",""cNBValue"":1000000,""cNBDetailNotes"":"""",""cNBType"":""BENEFIT"",""cNBComponent"":{""bizparKey"":""COMPTYPE-009"",""bizparStatus"":""ACTIVE"",""bizparValue"":""Kacamata - Lensa (Progresif)"",""bizparCreationalDTO"":{""createdBy"":""EMP-205"",""createdDate"":""13-03-2020 16:06:03"",""modifiedBy"":""EMP-205"",""modifiedDate"":null},""bizparCategory"":""COMPENSATION_TYPE""},""cNBValueType"":{""bizparKey"":""PAYROLL_TPL_COMPONENT_TYPE"",""bizparStatus"":""ACTIVE"",""bizparValue"":""UMUM"",""bizparCreationalDTO"":{""createdBy"":""E24202D3"",""createdDate"":""17-02-2020 22:36:53"",""modifiedBy"":""E24202D3"",""modifiedDate"":null},""bizparCategory"":""PAYROLL_TPL_COMPONENT_TYPE""}}]","","",INACTIVE,CNBTPL-1587353302441,Benefit A,"{""esID"":""ES-001"",""esSubcoID"":""SUBCO-001"",""esName"":""PT TIGA DAYA DIGITAL INDONESIA""}",
54,EMP-205,2020-04-20 01:38:37,SYSTEM,2020-04-20 03:25:20,"[{""cNBDetaiID"":""CNBCOM-1587353120598"",""cNBValue"":3000000,""cNBDetailNotes"":"""",""cNBType"":""COMPENSATION"",""cNBComponent"":{""bizparKey"":""COMPTYPE-002"",""bizparStatus"":""ACTIVE"",""bizparValue"":""Obat Bebas"",""bizparCreationalDTO"":{""createdBy"":""EMP-205"",""createdDate"":""13-03-2020 16:06:03"",""modifiedBy"":""EMP-205"",""modifiedDate"":null},""bizparCategory"":""COMPENSATION_TYPE""},""cNBValueType"":{""bizparKey"":""PAYTPLCOMTYP-02"",""bizparStatus"":""ACTIVE"",""bizparValue"":""STANDARD"",""bizparCreationalDTO"":{""createdBy"":""SYSTEM"",""createdDate"":""11-09-2019 17:38:08"",""modifiedBy"":null,""modifiedDate"":null},""bizparCategory"":""PAYROLL_TPL_COMPONENT_TYPE""}}]","","",ACTIVE,CNBTPL-1587352923420,BONUS A,"{""esID"":""ES-001"",""esSubcoID"":""SUBCO-001"",""esName"":""PT TIGA DAYA DIGITAL INDONESIA""}",
46,EMP-205,2020-04-20 01:32:42,SYSTEM,2020-04-20 03:35:49,"[{""cNBDetaiID"":""CNBCOM-1587353363036"",""cNBValue"":1000000,""cNBDetailNotes"":"""",""cNBType"":""COMPENSATION"",""cNBComponent"":{""bizparKey"":""COMPTYPE-002"",""bizparStatus"":""ACTIVE"",""bizparValue"":""Obat Bebas"",""bizparCreationalDTO"":{""createdBy"":""EMP-205"",""createdDate"":""13-03-2020 16:06:03"",""modifiedBy"":""EMP-205"",""modifiedDate"":null},""bizparCategory"":""COMPENSATION_TYPE""},""cNBValueType"":{""bizparKey"":""PAYTPLCOMTYP-02"",""bizparStatus"":""ACTIVE"",""bizparValue"":""STANDARD"",""bizparCreationalDTO"":{""createdBy"":""SYSTEM"",""createdDate"":""11-09-2019 17:38:08"",""modifiedBy"":null,""modifiedDate"":null},""bizparCategory"":""PAYROLL_TPL_COMPONENT_TYPE""}},{""cNBDetaiID"":""CNBCOM-1587353749110"",""cNBValue"":2000000,""cNBDetailNotes"":"""",""cNBType"":""BENEFIT"",""cNBComponent"":{""bizparKey"":""COMPTYPE-009"",""bizparStatus"":""ACTIVE"",""bizparValue"":""Kacamata - Lensa (Progresif)"",""bizparCreationalDTO"":{""createdBy"":""EMP-205"",""createdDate"":""13-03-2020 16:06:03"",""modifiedBy"":""EMP-205"",""modifiedDate"":null},""bizparCategory"":""COMPENSATION_TYPE""},""cNBValueType"":{""bizparKey"":""PAYROLL_TPL_COMPONENT_TYPE"",""bizparStatus"":""ACTIVE"",""bizparValue"":""UMUM"",""bizparCreationalDTO"":{""createdBy"":""E24202D3"",""createdDate"":""17-02-2020 22:36:53"",""modifiedBy"":""E24202D3"",""modifiedDate"":null},""bizparCategory"":""PAYROLL_TPL_COMPONENT_TYPE""}}]","","",ACTIVE,CNBTPL-1587353310858,Golongan 1,"{""esID"":""ES-001"",""esSubcoID"":""SUBCO-001"",""esName"":""PT TIGA DAYA DIGITAL INDONESIA""}",
57,EMP-205,2020-04-29 08:01:09,SYSTEM,2020-05-05 01:23:29,"[{""cNBDetaiID"":""CNBCOM-1588151582042"",""cNBValue"":2000000,""cNBDetailNotes"":"""",""cNBType"":""BENEFIT"",""cNBComponent"":{""bizparKey"":""COMPTYPE-007"",""bizparStatus"":""ACTIVE"",""bizparValue"":""Kacamata - Frame"",""bizparCreationalDTO"":{""createdBy"":""EMP-205"",""createdDate"":""13-03-2020 16:06:03"",""modifiedBy"":""EMP-205"",""modifiedDate"":null},""bizparCategory"":""COMPENSATION_TYPE""},""cNBValueType"":{""bizparKey"":""PAYTPLCOMTYP-02"",""bizparStatus"":""ACTIVE"",""bizparValue"":""STANDARD"",""bizparCreationalDTO"":{""createdBy"":""SYSTEM"",""createdDate"":""11-09-2019 17:38:08"",""modifiedBy"":null,""modifiedDate"":null},""bizparCategory"":""PAYROLL_TPL_COMPONENT_TYPE""}}]","","",INACTIVE,CNBTPL-1588151399707,GRADE 8,"{""esID"":""ES-001"",""esSubcoID"":""SUBCO-001"",""esName"":""PT TIGA DAYA DIGITAL INDONESIA""}",
56,EMP-205,2020-04-20 03:36:28,SYSTEM,2020-05-05 01:23:34,"[{""cNBDetaiID"":""CNBCOM-1587354203523"",""cNBValue"":2000000,""cNBDetailNotes"":"""",""cNBType"":""BENEFIT"",""cNBComponent"":{""bizparKey"":""COMPTYPE-012"",""bizparStatus"":""ACTIVE"",""bizparValue"":""Tunjangan Cuti Istimewa"",""bizparCreationalDTO"":{""createdBy"":""EMP-205"",""createdDate"":""13-03-2020 16:06:03"",""modifiedBy"":""EMP-205"",""modifiedDate"":null},""bizparCategory"":""COMPENSATION_TYPE""},""cNBValueType"":{""bizparKey"":""PAYROLL_TPL_COMPONENT_TYPE"",""bizparStatus"":""ACTIVE"",""bizparValue"":""UMUM"",""bizparCreationalDTO"":{""createdBy"":""E24202D3"",""createdDate"":""17-02-2020 22:36:53"",""modifiedBy"":""E24202D3"",""modifiedDate"":null},""bizparCategory"":""PAYROLL_TPL_COMPONENT_TYPE""}}]","","",INACTIVE,CNBTPL-1587354139967,Compensation WFH Grade A,"{""esID"":""ES-001"",""esSubcoID"":""SUBCO-001"",""esName"":""PT TIGA DAYA DIGITAL INDONESIA""}",
58,EMP-205,2020-06-23 12:48:07,EMP-205,,,"","",ACTIVE,CNBTPL-1592916683949,Test,"{""esID"":""ES-001"",""esSubcoID"":""SUBCO-001"",""esName"":""PT TIGA DAYA DIGITAL INDONESIA""}","{""bizparKey"":""G-0001"",""bizparStatus"":""ACTIVE"",""bizparValue"":""1"",""bizparCreationalDTO"":{""createdBy"":""EMP-205"",""createdDate"":""16-01-2020 00:36:28"",""modifiedBy"":""EMP-205"",""modifiedDate"":null},""bizparCategory"":""CORPORATE_GRADE""}"
33,EMP-205,2020-01-31 15:59:09,SYSTEM,2020-03-16 05:02:04,[],"",image/configuration_cnb/IMG_CNB_CNBTPL-1580461279799-BAG.jpg,ACTIVE,CNBTPL-1580461279799,BENEFIT & COMPENSATION GOLONGAN 1 GRADE 10,"{""esID"":""ES-1579352234417"",""esSubcoID"":""SUBCO-157935223441714"",""esName"":""Bank Artha Graha Sudirman (KPNO)""}","{""bizparKey"":""GRADE-010"",""bizparStatus"":""ACTIVE"",""bizparValue"":""10"",""bizparCreationalDTO"":{""createdBy"":""EMP-205"",""createdDate"":""11-02-2020 10:42:21"",""modifiedBy"":""EMP-205"",""modifiedDate"":null},""bizparCategory"":""CORPORATE_GRADE""}"
26,EMP-205,2020-01-31 15:44:52,SYSTEM,2020-01-31 16:17:10,[],"",image/configuration_cnb/IMG_CNB_CNBTPL-1580460484441-BAG.jpg,ACTIVE,CNBTPL-1580460484441,BENEFIT & COMPENSATION GOLONGAN 3 GRADE 4,"{""esID"":""ES-1579352234417"",""esSubcoID"":""SUBCO-157935223441714"",""esName"":""Bank Artha Graha Sudirman (KPNO)""}","{""bizparKey"":""GRADE-004"",""bizparStatus"":""ACTIVE"",""bizparValue"":""4"",""bizparCreationalDTO"":{""createdBy"":""EMP-205"",""createdDate"":""11-02-2020 10:42:21"",""modifiedBy"":""EMP-205"",""modifiedDate"":null},""bizparCategory"":""CORPORATE_GRADE""}"
59,EMP-001791,2020-07-30 09:26:22,EMP-001791,2020-07-30 09:29:06,"[{""cNBDetaiID"":""CNBCOM-1596076146885"",""cNBValue"":0,""cNBDetailNotes"":"""",""cNBType"":""COMPENSATION"",""cNBComponent"":{""bizparKey"":""COMPTYPE-013"",""bizparStatus"":""ACTIVE"",""bizparValue"":""Kacamata - Lensa (Proggresive)"",""bizparCreationalDTO"":{""createdBy"":""SYSTEM"",""createdDate"":""07-07-2020 12:06:47"",""modifiedBy"":null,""modifiedDate"":null},""bizparCategory"":""COMPENSATION_TYPE""},""cNBValueType"":{""bizparKey"":""PAYTPLCOMTYP-02"",""bizparStatus"":""ACTIVE"",""bizparValue"":""STANDARD"",""bizparCreationalDTO"":{""createdBy"":""SYSTEM"",""createdDate"":""11-09-2019 10:38:08"",""modifiedBy"":null,""modifiedDate"":null},""bizparCategory"":""PAYROLL_TPL_COMPONENT_TYPE""}}]","",image/configuration_cnb/IMG_CNB_CNBTPL-1596075982233-BAG.jpg,ACTIVE,CNBTPL-1596075982233,BENEFIT & COMPENSATION GOLONGAN 1 GRADE 13,"{""esID"":""ES-1579352234417"",""esSubcoID"":""SUBCO-157935223441714"",""esName"":""Bank Artha Graha Sudirman (KPNO)""}","{""bizparKey"":""GRADE-013"",""bizparStatus"":""ACTIVE"",""bizparValue"":""13 (NG)"",""bizparCreationalDTO"":{""createdBy"":""EMP-205"",""createdDate"":""11-02-2020 10:42:21"",""modifiedBy"":""EMP-205"",""modifiedDate"":null},""bizparCategory"":""CORPORATE_GRADE""}"
61,EMP-001791,2020-08-06 16:35:47,EMP-001791,2020-08-06 09:36:37,,"","",INACTIVE,CNBTPL-1596706547315,NEW,"{""esID"":""ES-1579352234417"",""esSubcoID"":""SUBCO-157935223441714"",""esName"":""Bank Artha Graha Sudirman (KPNO)""}","{""bizparKey"":""GRADE-001"",""bizparStatus"":""ACTIVE"",""bizparValue"":""1"",""bizparCreationalDTO"":{""createdBy"":""EMP-205"",""createdDate"":""11-02-2020 10:42:21"",""modifiedBy"":""EMP-205"",""modifiedDate"":null},""bizparCategory"":""CORPORATE_GRADE""}"
60,EMP-001791,2020-08-04 19:01:13,EMP-001791,2020-08-06 08:53:32,"[{""cNBDetaiID"":""CNBCOM-1596542600032"",""cNBValue"":0,""cNBDetailNotes"":"""",""cNBType"":""BENEFIT"",""cNBComponent"":{""bizparKey"":""COMPTYPE-003"",""bizparStatus"":""ACTIVE"",""bizparValue"":""Legal Dependent"",""bizparCreationalDTO"":{""createdBy"":""EMP-205"",""createdDate"":""13-03-2020 09:06:03"",""modifiedBy"":""EMP-205"",""modifiedDate"":null},""bizparCategory"":""COMPENSATION_TYPE""},""cNBValueType"":{""bizparKey"":""PAYTPLCOMTYP-01"",""bizparStatus"":""ACTIVE"",""bizparValue"":""PERCENTACE"",""bizparCreationalDTO"":{""createdBy"":""SYSTEM"",""createdDate"":""11-09-2019 10:37:56"",""modifiedBy"":null,""modifiedDate"":null},""bizparCategory"":""PAYROLL_TPL_COMPONENT_TYPE""}}]","",image/configuration_cnb/IMG_CNB_CNBTPL-1596542473533-Screenshot from 2020-08-04 17-30-48.png,INACTIVE,CNBTPL-1596542473533,A,"{""esID"":""ES-1579352234417"",""esSubcoID"":""SUBCO-157935223441714"",""esName"":""Bank Artha Graha Sudirman (KPNO)""}","{""bizparKey"":""GRADE-001"",""bizparStatus"":""ACTIVE"",""bizparValue"":""1"",""bizparCreationalDTO"":{""createdBy"":""EMP-205"",""createdDate"":""11-02-2020 10:42:21"",""modifiedBy"":""EMP-205"",""modifiedDate"":null},""bizparCategory"":""CORPORATE_GRADE""}"
30,EMP-205,2020-01-31 15:44:52,EMP-001791,2020-08-09 20:04:37,"[{""cNBDetaiID"":""CNBCOM-1596775100976"",""cNBValue"":5000000,""cNBDetailNotes"":"""",""cNBType"":""COMPENSATION"",""cNBComponent"":{""bizparKey"":""COMPTYPE-004"",""bizparStatus"":""ACTIVE"",""bizparValue"":""Persalinan - Normal"",""bizparCreationalDTO"":{""createdBy"":""EMP-205"",""createdDate"":""13-03-2020 09:06:03"",""modifiedBy"":""EMP-205"",""modifiedDate"":""13-03-2020 16:23:25""},""bizparCategory"":""COMPENSATION_TYPE""},""cNBValueType"":{""bizparKey"":""PAYTPLCOMTYP-02"",""bizparStatus"":""ACTIVE"",""bizparValue"":""STANDARD"",""bizparCreationalDTO"":{""createdBy"":""SYSTEM"",""createdDate"":""11-09-2019 10:38:08"",""modifiedBy"":null,""modifiedDate"":null},""bizparCategory"":""PAYROLL_TPL_COMPONENT_TYPE""}},{""cNBDetaiID"":""CNBCOM-1596775152767"",""cNBValue"":7500000,""cNBDetailNotes"":"""",""cNBType"":""COMPENSATION"",""cNBComponent"":{""bizparKey"":""COMPTYPE-005"",""bizparStatus"":""ACTIVE"",""bizparValue"":""Persalinan - Caesar"",""bizparCreationalDTO"":{""createdBy"":""EMP-205"",""createdDate"":""13-03-2020 09:06:03"",""modifiedBy"":""EMP-205"",""modifiedDate"":""13-03-2020 16:23:34""},""bizparCategory"":""COMPENSATION_TYPE""},""cNBValueType"":{""bizparKey"":""PAYTPLCOMTYP-02"",""bizparStatus"":""ACTIVE"",""bizparValue"":""STANDARD"",""bizparCreationalDTO"":{""createdBy"":""SYSTEM"",""createdDate"":""11-09-2019 10:38:08"",""modifiedBy"":null,""modifiedDate"":null},""bizparCategory"":""PAYROLL_TPL_COMPONENT_TYPE""}},{""cNBDetaiID"":""CNBCOM-1596775180925"",""cNBValue"":4000000,""cNBDetailNotes"":"""",""cNBType"":""COMPENSATION"",""cNBComponent"":{""bizparKey"":""COMPTYPE-006"",""bizparStatus"":""ACTIVE"",""bizparValue"":""Persalinan - Keguguran"",""bizparCreationalDTO"":{""createdBy"":""EMP-205"",""createdDate"":""13-03-2020 09:06:03"",""modifiedBy"":""EMP-205"",""modifiedDate"":""13-03-2020 16:23:47""},""bizparCategory"":""COMPENSATION_TYPE""},""cNBValueType"":{""bizparKey"":""PAYTPLCOMTYP-02"",""bizparStatus"":""ACTIVE"",""bizparValue"":""STANDARD"",""bizparCreationalDTO"":{""createdBy"":""SYSTEM"",""createdDate"":""11-09-2019 10:38:08"",""modifiedBy"":null,""modifiedDate"":null},""bizparCategory"":""PAYROLL_TPL_COMPONENT_TYPE""}}]","",image/configuration_cnb/IMG_CNB_CNBTPL-1580460577068-BAG.jpg,ACTIVE,CNBTPL-1580460577068,BENEFIT & COMPENSATION GOLONGAN 4 GRADE 2,"{""esID"":""ES-1579352234417"",""esSubcoID"":""SUBCO-157935223441714"",""esName"":""Bank Artha Graha Sudirman (KPNO)""}","{""bizparKey"":""GRADE-002"",""bizparStatus"":""ACTIVE"",""bizparValue"":""2"",""bizparCreationalDTO"":{""createdBy"":""EMP-205"",""createdDate"":""11-02-2020 10:42:21"",""modifiedBy"":""EMP-205"",""modifiedDate"":null},""bizparCategory"":""CORPORATE_GRADE""}"
34,EMP-205,2020-01-31 15:59:09,EMP-001791,2020-08-10 08:46:25,"[{""cNBDetaiID"":""CNBCOM-1596977790547"",""cNBValue"":8000000,""cNBDetailNotes"":"""",""cNBType"":""COMPENSATION"",""cNBComponent"":{""bizparKey"":""COMPTYPE-004"",""bizparStatus"":""ACTIVE"",""bizparValue"":""Persalinan - Normal"",""bizparCreationalDTO"":{""createdBy"":""EMP-205"",""createdDate"":""13-03-2020 09:06:03"",""modifiedBy"":""EMP-205"",""modifiedDate"":""13-03-2020 16:23:25""},""bizparCategory"":""COMPENSATION_TYPE""},""cNBValueType"":{""bizparKey"":""PAYTPLCOMTYP-02"",""bizparStatus"":""ACTIVE"",""bizparValue"":""STANDARD"",""bizparCreationalDTO"":{""createdBy"":""SYSTEM"",""createdDate"":""11-09-2019 10:38:08"",""modifiedBy"":null,""modifiedDate"":null},""bizparCategory"":""PAYROLL_TPL_COMPONENT_TYPE""}},{""cNBDetaiID"":""CNBCOM-1596977805687"",""cNBValue"":11000000,""cNBDetailNotes"":"""",""cNBType"":""COMPENSATION"",""cNBComponent"":{""bizparKey"":""COMPTYPE-005"",""bizparStatus"":""ACTIVE"",""bizparValue"":""Persalinan - Caesar"",""bizparCreationalDTO"":{""createdBy"":""EMP-205"",""createdDate"":""13-03-2020 09:06:03"",""modifiedBy"":""EMP-205"",""modifiedDate"":""13-03-2020 16:23:34""},""bizparCategory"":""COMPENSATION_TYPE""},""cNBValueType"":{""bizparKey"":""PAYTPLCOMTYP-02"",""bizparStatus"":""ACTIVE"",""bizparValue"":""STANDARD"",""bizparCreationalDTO"":{""createdBy"":""SYSTEM"",""createdDate"":""11-09-2019 10:38:08"",""modifiedBy"":null,""modifiedDate"":null},""bizparCategory"":""PAYROLL_TPL_COMPONENT_TYPE""}},{""cNBDetaiID"":""CNBCOM-1596977819830"",""cNBValue"":4500000,""cNBDetailNotes"":"""",""cNBType"":""COMPENSATION"",""cNBComponent"":{""bizparKey"":""COMPTYPE-006"",""bizparStatus"":""ACTIVE"",""bizparValue"":""Persalinan - Keguguran"",""bizparCreationalDTO"":{""createdBy"":""EMP-205"",""createdDate"":""13-03-2020 09:06:03"",""modifiedBy"":""EMP-205"",""modifiedDate"":""13-03-2020 16:23:47""},""bizparCategory"":""COMPENSATION_TYPE""},""cNBValueType"":{""bizparKey"":""PAYTPLCOMTYP-02"",""bizparStatus"":""ACTIVE"",""bizparValue"":""STANDARD"",""bizparCreationalDTO"":{""createdBy"":""SYSTEM"",""createdDate"":""11-09-2019 10:38:08"",""modifiedBy"":null,""modifiedDate"":null},""bizparCategory"":""PAYROLL_TPL_COMPONENT_TYPE""}},{""cNBDetaiID"":""CNBCOM-1596977835238"",""cNBValue"":1250000,""cNBDetailNotes"":"""",""cNBType"":""COMPENSATION"",""cNBComponent"":{""bizparKey"":""COMPTYPE-007"",""bizparStatus"":""ACTIVE"",""bizparValue"":""Kacamata - Frame"",""bizparCreationalDTO"":{""createdBy"":""EMP-205"",""createdDate"":""13-03-2020 09:06:03"",""modifiedBy"":""EMP-205"",""modifiedDate"":null},""bizparCategory"":""COMPENSATION_TYPE""},""cNBValueType"":{""bizparKey"":""PAYTPLCOMTYP-02"",""bizparStatus"":""ACTIVE"",""bizparValue"":""STANDARD"",""bizparCreationalDTO"":{""createdBy"":""SYSTEM"",""createdDate"":""11-09-2019 10:38:08"",""modifiedBy"":null,""modifiedDate"":null},""bizparCategory"":""PAYROLL_TPL_COMPONENT_TYPE""}},{""cNBDetaiID"":""CNBCOM-1596977855536"",""cNBValue"":750000,""cNBDetailNotes"":"""",""cNBType"":""COMPENSATION"",""cNBComponent"":{""bizparKey"":""COMPTYPE-013"",""bizparStatus"":""ACTIVE"",""bizparValue"":""Kacamata - Lensa (Proggresive)"",""bizparCreationalDTO"":{""createdBy"":""SYSTEM"",""createdDate"":""07-07-2020 12:06:47"",""modifiedBy"":null,""modifiedDate"":null},""bizparCategory"":""COMPENSATION_TYPE""},""cNBValueType"":{""bizparKey"":""PAYTPLCOMTYP-02"",""bizparStatus"":""ACTIVE"",""bizparValue"":""STANDARD"",""bizparCreationalDTO"":{""createdBy"":""SYSTEM"",""createdDate"":""11-09-2019 10:38:08"",""modifiedBy"":null,""modifiedDate"":null},""bizparCategory"":""PAYROLL_TPL_COMPONENT_TYPE""}},{""cNBDetaiID"":""CNBCOM-1596978011656"",""cNBValue"":500000,""cNBDetailNotes"":"""",""cNBType"":""COMPENSATION"",""cNBComponent"":{""bizparKey"":""COMPTYPE-008"",""bizparStatus"":""ACTIVE"",""bizparValue"":""Kacamata - Lensa (Plus, Minus, Softlens)"",""bizparCreationalDTO"":{""createdBy"":""EMP-205"",""createdDate"":""13-03-2020 09:06:03"",""modifiedBy"":""EMP-205"",""modifiedDate"":null},""bizparCategory"":""COMPENSATION_TYPE""},""cNBValueType"":{""bizparKey"":""PAYTPLCOMTYP-02"",""bizparStatus"":""ACTIVE"",""bizparValue"":""STANDARD"",""bizparCreationalDTO"":{""createdBy"":""SYSTEM"",""createdDate"":""11-09-2019 10:38:08"",""modifiedBy"":null,""modifiedDate"":null},""bizparCategory"":""PAYROLL_TPL_COMPONENT_TYPE""}},{""cNBDetaiID"":""CNBCOM-1596978053076"",""cNBValue"":35,""cNBDetailNotes"":"""",""cNBType"":""COMPENSATION"",""cNBComponent"":{""bizparKey"":""COMPTYPE-002"",""bizparStatus"":""ACTIVE"",""bizparValue"":""Obat Bebas"",""bizparCreationalDTO"":{""createdBy"":""EMP-205"",""createdDate"":""13-03-2020 09:06:03"",""modifiedBy"":""EMP-205"",""modifiedDate"":null},""bizparCategory"":""COMPENSATION_TYPE""},""cNBValueType"":{""bizparKey"":""PAYTPLCOMTYP-01"",""bizparStatus"":""ACTIVE"",""bizparValue"":""PERCENTACE"",""bizparCreationalDTO"":{""createdBy"":""SYSTEM"",""createdDate"":""11-09-2019 10:37:56"",""modifiedBy"":null,""modifiedDate"":null},""bizparCategory"":""PAYROLL_TPL_COMPONENT_TYPE""}},{""cNBDetaiID"":""CNBCOM-1596978086745"",""cNBValue"":8500000,""cNBDetailNotes"":"""",""cNBType"":""COMPENSATION"",""cNBComponent"":{""bizparKey"":""COMPTYPE-001"",""bizparStatus"":""ACTIVE"",""bizparValue"":""Rawat Jalan"",""bizparCreationalDTO"":{""createdBy"":""EMP-205"",""createdDate"":""13-03-2020 09:06:03"",""modifiedBy"":""EMP-205"",""modifiedDate"":null},""bizparCategory"":""COMPENSATION_TYPE""},""cNBValueType"":{""bizparKey"":""PAYTPLCOMTYP-02"",""bizparStatus"":""ACTIVE"",""bizparValue"":""STANDARD"",""bizparCreationalDTO"":{""createdBy"":""SYSTEM"",""createdDate"":""11-09-2019 10:38:08"",""modifiedBy"":null,""modifiedDate"":null},""bizparCategory"":""PAYROLL_TPL_COMPONENT_TYPE""}}]","",image/configuration_cnb/IMG_CNB_CNBTPL-1580461730338-BAG.jpg,ACTIVE,CNBTPL-1580461730338,BENEFIT & COMPENSATION GOLONGAN 2 GRADE 7,"{""esID"":""ES-1579352234417"",""esSubcoID"":""SUBCO-157935223441714"",""esName"":""Bank Artha Graha Sudirman (KPNO)""}","{""bizparKey"":""GRADE-007"",""bizparStatus"":""ACTIVE"",""bizparValue"":""7"",""bizparCreationalDTO"":{""createdBy"":""EMP-205"",""createdDate"":""11-02-2020 10:42:21"",""modifiedBy"":""EMP-205"",""modifiedDate"":null},""bizparCategory"":""CORPORATE_GRADE""}"
29,EMP-205,2020-01-31 15:44:52,EMP-001791,2020-08-09 20:03:55,"[{""cNBDetaiID"":""CNBCOM-1596715127344"",""cNBValue"":500000,""cNBDetailNotes"":"""",""cNBType"":""COMPENSATION"",""cNBComponent"":{""bizparKey"":""COMPTYPE-013"",""bizparStatus"":""ACTIVE"",""bizparValue"":""Kacamata - Lensa (Proggresive)"",""bizparCreationalDTO"":{""createdBy"":""SYSTEM"",""createdDate"":""07-07-2020 12:06:47"",""modifiedBy"":null,""modifiedDate"":null},""bizparCategory"":""COMPENSATION_TYPE""},""cNBValueType"":{""bizparKey"":""PAYTPLCOMTYP-02"",""bizparStatus"":""ACTIVE"",""bizparValue"":""STANDARD"",""bizparCreationalDTO"":{""createdBy"":""SYSTEM"",""createdDate"":""11-09-2019 10:38:08"",""modifiedBy"":null,""modifiedDate"":null},""bizparCategory"":""PAYROLL_TPL_COMPONENT_TYPE""}},{""cNBDetaiID"":""CNBCOM-1596718085129"",""cNBValue"":750000,""cNBDetailNotes"":"""",""cNBType"":""COMPENSATION"",""cNBComponent"":{""bizparKey"":""COMPTYPE-007"",""bizparStatus"":""ACTIVE"",""bizparValue"":""Kacamata - Frame"",""bizparCreationalDTO"":{""createdBy"":""EMP-205"",""createdDate"":""13-03-2020 09:06:03"",""modifiedBy"":""EMP-205"",""modifiedDate"":null},""bizparCategory"":""COMPENSATION_TYPE""},""cNBValueType"":{""bizparKey"":""PAYTPLCOMTYP-02"",""bizparStatus"":""ACTIVE"",""bizparValue"":""STANDARD"",""bizparCreationalDTO"":{""createdBy"":""SYSTEM"",""createdDate"":""11-09-2019 10:38:08"",""modifiedBy"":null,""modifiedDate"":null},""bizparCategory"":""PAYROLL_TPL_COMPONENT_TYPE""}},{""cNBDetaiID"":""CNBCOM-1596771490078"",""cNBValue"":350000,""cNBDetailNotes"":"""",""cNBType"":""COMPENSATION"",""cNBComponent"":{""bizparKey"":""COMPTYPE-008"",""bizparStatus"":""ACTIVE"",""bizparValue"":""Kacamata - Lensa (Plus, Minus, Softlens)"",""bizparCreationalDTO"":{""createdBy"":""EMP-205"",""createdDate"":""13-03-2020 09:06:03"",""modifiedBy"":""EMP-205"",""modifiedDate"":null},""bizparCategory"":""COMPENSATION_TYPE""},""cNBValueType"":{""bizparKey"":""PAYTPLCOMTYP-02"",""bizparStatus"":""ACTIVE"",""bizparValue"":""STANDARD"",""bizparCreationalDTO"":{""createdBy"":""SYSTEM"",""createdDate"":""11-09-2019 10:38:08"",""modifiedBy"":null,""modifiedDate"":null},""bizparCategory"":""PAYROLL_TPL_COMPONENT_TYPE""}},{""cNBDetaiID"":""CNBCOM-1596772185177"",""cNBValue"":5000000,""cNBDetailNotes"":"""",""cNBType"":""COMPENSATION"",""cNBComponent"":{""bizparKey"":""COMPTYPE-004"",""bizparStatus"":""ACTIVE"",""bizparValue"":""Persalinan - Normal"",""bizparCreationalDTO"":{""createdBy"":""EMP-205"",""createdDate"":""13-03-2020 09:06:03"",""modifiedBy"":""EMP-205"",""modifiedDate"":""13-03-2020 16:23:25""},""bizparCategory"":""COMPENSATION_TYPE""},""cNBValueType"":{""bizparKey"":""PAYTPLCOMTYP-02"",""bizparStatus"":""ACTIVE"",""bizparValue"":""STANDARD"",""bizparCreationalDTO"":{""createdBy"":""SYSTEM"",""createdDate"":""11-09-2019 10:38:08"",""modifiedBy"":null,""modifiedDate"":null},""bizparCategory"":""PAYROLL_TPL_COMPONENT_TYPE""}},{""cNBDetaiID"":""CNBCOM-1596772227446"",""cNBValue"":7500000,""cNBDetailNotes"":"""",""cNBType"":""COMPENSATION"",""cNBComponent"":{""bizparKey"":""COMPTYPE-005"",""bizparStatus"":""ACTIVE"",""bizparValue"":""Persalinan - Caesar"",""bizparCreationalDTO"":{""createdBy"":""EMP-205"",""createdDate"":""13-03-2020 09:06:03"",""modifiedBy"":""EMP-205"",""modifiedDate"":""13-03-2020 16:23:34""},""bizparCategory"":""COMPENSATION_TYPE""},""cNBValueType"":{""bizparKey"":""PAYTPLCOMTYP-02"",""bizparStatus"":""ACTIVE"",""bizparValue"":""STANDARD"",""bizparCreationalDTO"":{""createdBy"":""SYSTEM"",""createdDate"":""11-09-2019 10:38:08"",""modifiedBy"":null,""modifiedDate"":null},""bizparCategory"":""PAYROLL_TPL_COMPONENT_TYPE""}},{""cNBDetaiID"":""CNBCOM-1596772331090"",""cNBValue"":4000000,""cNBDetailNotes"":"""",""cNBType"":""COMPENSATION"",""cNBComponent"":{""bizparKey"":""COMPTYPE-006"",""bizparStatus"":""ACTIVE"",""bizparValue"":""Persalinan - Keguguran"",""bizparCreationalDTO"":{""createdBy"":""EMP-205"",""createdDate"":""13-03-2020 09:06:03"",""modifiedBy"":""EMP-205"",""modifiedDate"":""13-03-2020 16:23:47""},""bizparCategory"":""COMPENSATION_TYPE""},""cNBValueType"":{""bizparKey"":""PAYTPLCOMTYP-02"",""bizparStatus"":""ACTIVE"",""bizparValue"":""STANDARD"",""bizparCreationalDTO"":{""createdBy"":""SYSTEM"",""createdDate"":""11-09-2019 10:38:08"",""modifiedBy"":null,""modifiedDate"":null},""bizparCategory"":""PAYROLL_TPL_COMPONENT_TYPE""}},{""cNBDetaiID"":""CNBCOM-1596774061315"",""cNBValue"":100,""cNBDetailNotes"":"""",""cNBType"":""COMPENSATION"",""cNBComponent"":{""bizparKey"":""COMPTYPE-010"",""bizparStatus"":""ACTIVE"",""bizparValue"":""Tunjangan Duka"",""bizparCreationalDTO"":{""createdBy"":""EMP-205"",""createdDate"":""13-03-2020 09:06:03"",""modifiedBy"":""EMP-205"",""modifiedDate"":null},""bizparCategory"":""COMPENSATION_TYPE""},""cNBValueType"":{""bizparKey"":""PAYTPLCOMTYP-01"",""bizparStatus"":""ACTIVE"",""bizparValue"":""PERCENTACE"",""bizparCreationalDTO"":{""createdBy"":""SYSTEM"",""createdDate"":""11-09-2019 10:37:56"",""modifiedBy"":null,""modifiedDate"":null},""bizparCategory"":""PAYROLL_TPL_COMPONENT_TYPE""}},{""cNBDetaiID"":""CNBCOM-1596774147578"",""cNBValue"":100,""cNBDetailNotes"":"""",""cNBType"":""COMPENSATION"",""cNBComponent"":{""bizparKey"":""COMPTYPE-011"",""bizparStatus"":""ACTIVE"",""bizparValue"":""Tunjangan Pernikahan"",""bizparCreationalDTO"":{""createdBy"":""EMP-205"",""createdDate"":""13-03-2020 09:06:03"",""modifiedBy"":""EMP-205"",""modifiedDate"":null},""bizparCategory"":""COMPENSATION_TYPE""},""cNBValueType"":{""bizparKey"":""PAYTPLCOMTYP-01"",""bizparStatus"":""ACTIVE"",""bizparValue"":""PERCENTACE"",""bizparCreationalDTO"":{""createdBy"":""SYSTEM"",""createdDate"":""11-09-2019 10:37:56"",""modifiedBy"":null,""modifiedDate"":null},""bizparCategory"":""PAYROLL_TPL_COMPONENT_TYPE""}},{""cNBDetaiID"":""CNBCOM-1596774173250"",""cNBValue"":35,""cNBDetailNotes"":"""",""cNBType"":""COMPENSATION"",""cNBComponent"":{""bizparKey"":""COMPTYPE-002"",""bizparStatus"":""ACTIVE"",""bizparValue"":""Obat Bebas"",""bizparCreationalDTO"":{""createdBy"":""EMP-205"",""createdDate"":""13-03-2020 09:06:03"",""modifiedBy"":""EMP-205"",""modifiedDate"":null},""bizparCategory"":""COMPENSATION_TYPE""},""cNBValueType"":{""bizparKey"":""PAYTPLCOMTYP-01"",""bizparStatus"":""ACTIVE"",""bizparValue"":""PERCENTACE"",""bizparCreationalDTO"":{""createdBy"":""SYSTEM"",""createdDate"":""11-09-2019 10:37:56"",""modifiedBy"":null,""modifiedDate"":null},""bizparCategory"":""PAYROLL_TPL_COMPONENT_TYPE""}},{""cNBDetaiID"":""CNBCOM-1596974965831"",""cNBValue"":5500000,""cNBDetailNotes"":"""",""cNBType"":""COMPENSATION"",""cNBComponent"":{""bizparKey"":""COMPTYPE-001"",""bizparStatus"":""ACTIVE"",""bizparValue"":""Rawat Jalan"",""bizparCreationalDTO"":{""createdBy"":""EMP-205"",""createdDate"":""13-03-2020 09:06:03"",""modifiedBy"":""EMP-205"",""modifiedDate"":null},""bizparCategory"":""COMPENSATION_TYPE""},""cNBValueType"":{""bizparKey"":""PAYTPLCOMTYP-02"",""bizparStatus"":""ACTIVE"",""bizparValue"":""STANDARD"",""bizparCreationalDTO"":{""createdBy"":""SYSTEM"",""createdDate"":""11-09-2019 10:38:08"",""modifiedBy"":null,""modifiedDate"":null},""bizparCategory"":""PAYROLL_TPL_COMPONENT_TYPE""}}]","",image/configuration_cnb/IMG_CNB_CNBTPL-1580460560453-BAG.jpg,ACTIVE,CNBTPL-1580460560453,BENEFIT & COMPENSATION GOLONGAN 4 GRADE 1,"{""esID"":""ES-1579352234417"",""esSubcoID"":""SUBCO-157935223441714"",""esName"":""Bank Artha Graha Sudirman (KPNO)""}","{""bizparKey"":""GRADE-001"",""bizparStatus"":""ACTIVE"",""bizparValue"":""1"",""bizparCreationalDTO"":{""createdBy"":""EMP-205"",""createdDate"":""11-02-2020 10:42:21"",""modifiedBy"":""EMP-205"",""modifiedDate"":null},""bizparCategory"":""CORPORATE_GRADE""}"
62,EMP-SUPERMAN,2020-09-01 15:03:13,EMP-SUPERMAN,2020-09-01 08:04:19,[],"",image/configuration_cnb/IMG_CNB_CNBTPL-1598947393177-Screenshot from 2020-09-01 10-43-26.png,INACTIVE,CNBTPL-1598947393177,BENEFIT 2,"{""esID"":""ES-1579352234417"",""esSubcoID"":""SUBCO-157935223441714"",""esName"":""Bank Artha Graha Sudirman (KPNO)""}","{""bizparKey"":""GRADE-002"",""bizparStatus"":""ACTIVE"",""bizparValue"":""2"",""bizparCreationalDTO"":{""createdBy"":""EMP-205"",""createdDate"":""11-02-2020 10:42:21"",""modifiedBy"":""EMP-205"",""modifiedDate"":null},""bizparCategory"":""CORPORATE_GRADE""}"
