"id","bankaccounts","esemail","esid","esnpwpnumber","esname","essubcoid","estelpnumber","estype","eswebsite","createdby","createddate","modifiedby","modifieddate","esstatus","orglegaldocument","orgstructuretpl","parent","pic","taxoffice"
283,[],co_secretary@ag.co.id,ES-1604909720444,,Bank Artha Graha Pantai Indah Kapuk (KCP),SUBCO-160490972044520,"0215882622","{""bizparKey"":""CORPTYPE-KCP"",""bizparStatus"":""ACTIVE"",""bizparValue"":""KCP"",""bizparCreationalDTO"":{""createdBy"":""SYSTEM"",""createdDate"":""19-01-2020 14:45:07"",""modifiedBy"":"""",""modifiedDate"":null},""bizparCategory"":""CORPORATE_TYPE""}",www.arthagraha.com,EMP-205,2020-11-09 14:14:58,EMP-205,2020-11-10 14:00:36,ACTIVE,"{""orgLegalDocumentID"":null,""orgLegalDocumentURL"":null}","[{""orgStructureTPLID"":""OS-1604909880803"",""orgStructureTPLName"":""Bank Artha Graha Pantai Indah Kapuk (KCP)"",""orgStructureStartDate"":null,""orgStructureEndDate"":null,""isOrgStructureDefault"":true,""orgStructureTag"":""V-1604909880803"",""orgStructureSKNumber"":"""",""orgStructureTPLStatus"":""ACTIVE"",""referenceOrgStructureTPLID"":""STR-3758F262""}]",ES-1604908974347,"",
289,[],co_secretary@ag.co.id,ES-1604910589439,,Bank Artha Graha Depok (KCP),SUBCO-160491058943949,"0217875154","{""bizparKey"":""CORPTYPE-KCP"",""bizparStatus"":""ACTIVE"",""bizparValue"":""KCP"",""bizparCreationalDTO"":{""createdBy"":""SYSTEM"",""createdDate"":""19-01-2020 14:45:07"",""modifiedBy"":"""",""modifiedDate"":null},""bizparCategory"":""CORPORATE_TYPE""}",www.arthagraha.com,EMP-205,2020-11-09 14:46:28,EMP-205,2020-11-10 14:00:36,ACTIVE,"{""orgLegalDocumentID"":null,""orgLegalDocumentURL"":null}","[{""orgStructureTPLID"":""OS-1604910632176"",""orgStructureTPLName"":""Bank Artha Graha Depok (KCP)"",""orgStructureStartDate"":null,""orgStructureEndDate"":null,""isOrgStructureDefault"":true,""orgStructureTag"":""V-1604910632176"",""orgStructureSKNumber"":"""",""orgStructureTPLStatus"":""ACTIVE"",""referenceOrgStructureTPLID"":""STR-BE48AAD5""}]",ES-1604910523139,"",
282,[],co_secretary@ag.co.id,ES-1604909606678,,Bank Artha Graha Pluit (KCP),SUBCO-160490960667826,"02166692222","{""bizparKey"":""CORPTYPE-KCP"",""bizparStatus"":""ACTIVE"",""bizparValue"":""KCP"",""bizparCreationalDTO"":{""createdBy"":""SYSTEM"",""createdDate"":""19-01-2020 14:45:07"",""modifiedBy"":"""",""modifiedDate"":null},""bizparCategory"":""CORPORATE_TYPE""}",www.arthagraha.com,EMP-205,2020-11-09 14:14:58,EMP-205,2020-11-10 14:00:36,ACTIVE,"{""orgLegalDocumentID"":null,""orgLegalDocumentURL"":null}","[{""orgStructureTPLID"":""OS-1604909691066"",""orgStructureTPLName"":""Bank Artha Graha Pluit (KCP)"",""orgStructureStartDate"":null,""orgStructureEndDate"":null,""isOrgStructureDefault"":true,""orgStructureTag"":""V-1604909691067"",""orgStructureSKNumber"":"""",""orgStructureTPLStatus"":""ACTIVE"",""referenceOrgStructureTPLID"":""STR-69349AF4""}]",ES-1604908974347,"",
287,[],co_secretary@ag.co.id,ES-1604910416799,,Bank Artha Graha City Home MOI (KK),SUBCO-160491041679956,"02145870100","{""bizparKey"":""CORPTYPE-KK"",""bizparStatus"":""ACTIVE"",""bizparValue"":""KK"",""bizparCreationalDTO"":{""createdBy"":""SYSTEM"",""createdDate"":""19-01-2020 14:45:07"",""modifiedBy"":"""",""modifiedDate"":null},""bizparCategory"":""CORPORATE_TYPE""}",www.arthagraha.com,EMP-205,2020-11-09 14:46:28,EMP-205,2020-11-10 14:00:36,ACTIVE,"{""orgLegalDocumentID"":null,""orgLegalDocumentURL"":null}","[{""orgStructureTPLID"":""OS-1604910477174"",""orgStructureTPLName"":""Bank Artha Graha City Home MOI (KK)"",""orgStructureStartDate"":null,""orgStructureEndDate"":null,""isOrgStructureDefault"":true,""orgStructureTag"":""V-1604910477175"",""orgStructureSKNumber"":"""",""orgStructureTPLStatus"":""ACTIVE"",""referenceOrgStructureTPLID"":""STR-45EF4408""}]",ES-1604908974347,"",
288,[],"",ES-1604910523139,,Bank Artha Graha Bogor (KCI),SUBCO-160491052313943,"02518352285","{""bizparKey"":""CORPTYPE-KC"",""bizparStatus"":""ACTIVE"",""bizparValue"":""KCI"",""bizparCreationalDTO"":{""createdBy"":""SYSTEM"",""createdDate"":""19-01-2020 14:45:07"",""modifiedBy"":"""",""modifiedDate"":null},""bizparCategory"":""CORPORATE_TYPE""}","",EMP-205,2020-11-09 14:46:28,SYSTEM,,ACTIVE,"{""orgLegalDocumentID"":null,""orgLegalDocumentURL"":null}","[{""orgStructureTPLID"":""OS-1604910567912"",""orgStructureTPLName"":""Bank Artha Graha Bogor (KCI)"",""orgStructureStartDate"":null,""orgStructureEndDate"":null,""isOrgStructureDefault"":true,""orgStructureTag"":""V-1604910567912"",""orgStructureSKNumber"":"""",""orgStructureTPLStatus"":""ACTIVE"",""referenceOrgStructureTPLID"":""STR-0A06B33E""}]",ES-1604890793920,"",
253,[],"",ES-1603854611244,,Bank Artha Graha Sudirman (KPNO),SUBCO-160385461124411,"0215152168","{""bizparKey"":""CORPTYP-002"",""bizparStatus"":""ACTIVE"",""bizparValue"":""KPNO"",""bizparCreationalDTO"":{""createdBy"":""SYSTEM"",""createdDate"":""19-01-2020 14:45:07"",""modifiedBy"":"""",""modifiedDate"":null},""bizparCategory"":""CORPORATE_TYPE""}",www.arthagraha.com,EMP-205,2020-10-28 10:06:23,EMP-205,2020-11-08 11:15:18,INACTIVE,"{""orgLegalDocumentID"":null,""orgLegalDocumentURL"":null}","[{""orgStructureTPLID"":""OS-1603857294010"",""orgStructureTPLName"":""Bank Artha Graha Sudirman (KPNO)"",""orgStructureStartDate"":null,""orgStructureEndDate"":null,""isOrgStructureDefault"":true,""orgStructureTag"":""V-1603857294011"",""orgStructureSKNumber"":"""",""orgStructureTPLStatus"":""INACTIVE"",""referenceOrgStructureTPLID"":""""}]","","",
255,[],"",ES-1604890991120,,Bank Artha Graha Sudirman (KCI),SUBCO-160489099112011,"0215152168","{""bizparKey"":""CORPTYPE-KC"",""bizparStatus"":""ACTIVE"",""bizparValue"":""KCI"",""bizparCreationalDTO"":{""createdBy"":""SYSTEM"",""createdDate"":""19-01-2020 14:45:07"",""modifiedBy"":"""",""modifiedDate"":null},""bizparCategory"":""CORPORATE_TYPE""}","",EMP-205,2020-11-09 09:08:03,EMP-205,2020-11-10 10:58:00,ACTIVE,"{""orgLegalDocumentID"":null,""orgLegalDocumentURL"":null}","[{""orgStructureTPLID"":""OS-1604891031672"",""orgStructureTPLName"":""Bank Artha Graha Sudirman (KCI)"",""orgStructureStartDate"":null,""orgStructureEndDate"":null,""isOrgStructureDefault"":true,""orgStructureTag"":""V-1604891031673"",""orgStructureSKNumber"":"""",""orgStructureTPLStatus"":""ACTIVE"",""referenceOrgStructureTPLID"":""STR-A92AB41F""}]",ES-1604890793920,"",
256,[],"",ES-1604891896911,,Bank Artha Graha Melawai (KCI),SUBCO-160489189691116,"0217219303","{""bizparKey"":""CORPTYPE-KC"",""bizparStatus"":""ACTIVE"",""bizparValue"":""KCI"",""bizparCreationalDTO"":{""createdBy"":""SYSTEM"",""createdDate"":""19-01-2020 14:45:07"",""modifiedBy"":"""",""modifiedDate"":null},""bizparCategory"":""CORPORATE_TYPE""}","",EMP-205,2020-11-09 09:08:03,SYSTEM,,ACTIVE,"{""orgLegalDocumentID"":null,""orgLegalDocumentURL"":null}","[{""orgStructureTPLID"":""OS-1604891954105"",""orgStructureTPLName"":""Bank Artha Graha Melawai (KCI)"",""orgStructureStartDate"":null,""orgStructureEndDate"":null,""isOrgStructureDefault"":true,""orgStructureTag"":""V-1604891954105"",""orgStructureSKNumber"":"""",""orgStructureTPLStatus"":""ACTIVE"",""referenceOrgStructureTPLID"":""STR-EF1595CC""}]",ES-1604890793920,"",
292,[],"",ES-1604911268228,,Bank Artha Graha Cikarang (KCI),SUBCO-160491126822908,"02189908966","{""bizparKey"":""CORPTYPE-KC"",""bizparStatus"":""ACTIVE"",""bizparValue"":""KCI"",""bizparCreationalDTO"":{""createdBy"":""SYSTEM"",""createdDate"":""19-01-2020 14:45:07"",""modifiedBy"":"""",""modifiedDate"":null},""bizparCategory"":""CORPORATE_TYPE""}","",EMP-205,2020-11-09 14:46:28,SYSTEM,,ACTIVE,"{""orgLegalDocumentID"":null,""orgLegalDocumentURL"":null}","[{""orgStructureTPLID"":""OS-1604911359420"",""orgStructureTPLName"":""Bank Artha Graha Cikarang (KCI)"",""orgStructureStartDate"":null,""orgStructureEndDate"":null,""isOrgStructureDefault"":true,""orgStructureTag"":""V-1604911359421"",""orgStructureSKNumber"":"""",""orgStructureTPLStatus"":""ACTIVE"",""referenceOrgStructureTPLID"":""STR-EAC35F4F""}]",ES-1604890793920,"",
331,[],"",ES-1605077692166,,BANK ARTHA GRAHA 2,SUBCO-160507769216652,"2352345435","{""bizparKey"":""CORPTYP-002"",""bizparStatus"":""ACTIVE"",""bizparValue"":""KPNO"",""bizparCreationalDTO"":{""createdBy"":""SYSTEM"",""createdDate"":""19-01-2020 14:45:07"",""modifiedBy"":"""",""modifiedDate"":null},""bizparCategory"":""CORPORATE_TYPE""}","",EMP-205,2020-11-11 13:30:51,EMP-205,2020-11-11 13:30:51,INACTIVE,"{""orgLegalDocumentID"":null,""orgLegalDocumentURL"":null}",[],"","",
290,[],co_secretary@ag.co.id,ES-1604910758546,,Bank Artha Graha Cipanas (KCP),SUBCO-160491075854738,"0263524509","{""bizparKey"":""CORPTYPE-KCP"",""bizparStatus"":""ACTIVE"",""bizparValue"":""KCP"",""bizparCreationalDTO"":{""createdBy"":""SYSTEM"",""createdDate"":""19-01-2020 14:45:07"",""modifiedBy"":"""",""modifiedDate"":null},""bizparCategory"":""CORPORATE_TYPE""}",www.arthagraha.com,EMP-205,2020-11-09 14:46:28,EMP-205,2020-11-10 14:00:36,ACTIVE,"{""orgLegalDocumentID"":null,""orgLegalDocumentURL"":null}","[{""orgStructureTPLID"":""OS-1604910791972"",""orgStructureTPLName"":""Bank Artha Graha Cipanas (KCP)"",""orgStructureStartDate"":null,""orgStructureEndDate"":null,""isOrgStructureDefault"":true,""orgStructureTag"":""V-1604910791972"",""orgStructureSKNumber"":"""",""orgStructureTPLStatus"":""ACTIVE"",""referenceOrgStructureTPLID"":""STR-37554151""}]",ES-1604910523139,"",
291,[],co_secretary@ag.co.id,ES-1604910825867,,Bank Artha Graha Cinere (KCP),SUBCO-160491082586845,"0217544802","{""bizparKey"":""CORPTYPE-KCP"",""bizparStatus"":""ACTIVE"",""bizparValue"":""KCP"",""bizparCreationalDTO"":{""createdBy"":""SYSTEM"",""createdDate"":""19-01-2020 14:45:07"",""modifiedBy"":"""",""modifiedDate"":null},""bizparCategory"":""CORPORATE_TYPE""}",www.arthagraha.com,EMP-205,2020-11-09 14:46:28,EMP-205,2020-11-10 14:00:36,ACTIVE,"{""orgLegalDocumentID"":null,""orgLegalDocumentURL"":null}","[{""orgStructureTPLID"":""OS-1604910889999"",""orgStructureTPLName"":""Bank Artha Graha Cinere (KCP)"",""orgStructureStartDate"":null,""orgStructureEndDate"":null,""isOrgStructureDefault"":true,""orgStructureTag"":""V-1604910890000"",""orgStructureSKNumber"":"""",""orgStructureTPLStatus"":""ACTIVE"",""referenceOrgStructureTPLID"":""STR-753B460B""}]",ES-1604910523139,"",
257,[],"",ES-1604891999730,,Bank Artha Graha Bumi Serpong Damai (KCP),SUBCO-160489199973159,"02129329986","{""bizparKey"":""CORPTYPE-KCP"",""bizparStatus"":""ACTIVE"",""bizparValue"":""KCP"",""bizparCreationalDTO"":{""createdBy"":""SYSTEM"",""createdDate"":""19-01-2020 14:45:07"",""modifiedBy"":"""",""modifiedDate"":null},""bizparCategory"":""CORPORATE_TYPE""}","",EMP-205,2020-11-09 09:08:03,SYSTEM,,ACTIVE,"{""orgLegalDocumentID"":null,""orgLegalDocumentURL"":null}","[{""orgStructureTPLID"":""OS-1604892067904"",""orgStructureTPLName"":""Bank Artha Graha Bumi Serpong Damai (KCP)"",""orgStructureStartDate"":null,""orgStructureEndDate"":null,""isOrgStructureDefault"":true,""orgStructureTag"":""V-1604892067905"",""orgStructureSKNumber"":"""",""orgStructureTPLStatus"":""ACTIVE"",""referenceOrgStructureTPLID"":""STR-608BD736""}]",ES-1604891896911,"",
293,[],"",ES-1604911306544,,Bank Artha Graha Ahmad Yani Makasar (KCI),SUBCO-160491130654546,"04113618345","{""bizparKey"":""CORPTYPE-KC"",""bizparStatus"":""ACTIVE"",""bizparValue"":""KCI"",""bizparCreationalDTO"":{""createdBy"":""SYSTEM"",""createdDate"":""19-01-2020 14:45:07"",""modifiedBy"":"""",""modifiedDate"":null},""bizparCategory"":""CORPORATE_TYPE""}","",EMP-205,2020-11-09 14:14:58,SYSTEM,,ACTIVE,"{""orgLegalDocumentID"":null,""orgLegalDocumentURL"":null}","[{""orgStructureTPLID"":""OS-1604911471914"",""orgStructureTPLName"":""Bank Artha Graha Ahmad Yani Makasar (KCI)"",""orgStructureStartDate"":null,""orgStructureEndDate"":null,""isOrgStructureDefault"":true,""orgStructureTag"":""V-1604911471914"",""orgStructureSKNumber"":"""",""orgStructureTPLStatus"":""ACTIVE"",""referenceOrgStructureTPLID"":""STR-D6985DF8""}]",ES-1604890793920,"",
294,[],"",ES-1604911579372,,Bank Artha Graha Karet Surabaya (KCI),SUBCO-160491157937219,"0313538847","{""bizparKey"":""CORPTYPE-KC"",""bizparStatus"":""ACTIVE"",""bizparValue"":""KCI"",""bizparCreationalDTO"":{""createdBy"":""SYSTEM"",""createdDate"":""19-01-2020 14:45:07"",""modifiedBy"":"""",""modifiedDate"":null},""bizparCategory"":""CORPORATE_TYPE""}","",EMP-205,2020-11-09 14:14:58,SYSTEM,,ACTIVE,"{""orgLegalDocumentID"":null,""orgLegalDocumentURL"":null}","[{""orgStructureTPLID"":""OS-1604911972930"",""orgStructureTPLName"":""Bank Artha Graha Karet Surabaya (KCI)"",""orgStructureStartDate"":null,""orgStructureEndDate"":null,""isOrgStructureDefault"":true,""orgStructureTag"":""V-1604911972930"",""orgStructureSKNumber"":"""",""orgStructureTPLStatus"":""ACTIVE"",""referenceOrgStructureTPLID"":""STR-B02D9B2C""}]",ES-1604890793920,"",
298,[],"",ES-1604912191215,,Bank Artha Graha Lampung,SUBCO-160491219121631,"0721485268","{""bizparKey"":""CORPTYPE-KC"",""bizparStatus"":""ACTIVE"",""bizparValue"":""KCI"",""bizparCreationalDTO"":{""createdBy"":""SYSTEM"",""createdDate"":""19-01-2020 14:45:07"",""modifiedBy"":"""",""modifiedDate"":null},""bizparCategory"":""CORPORATE_TYPE""}","",EMP-205,2020-11-09 14:46:28,SYSTEM,,ACTIVE,"{""orgLegalDocumentID"":null,""orgLegalDocumentURL"":null}","[{""orgStructureTPLID"":""OS-1604912225918"",""orgStructureTPLName"":""Bank Artha Graha Lampung (KCI)"",""orgStructureStartDate"":null,""orgStructureEndDate"":null,""isOrgStructureDefault"":true,""orgStructureTag"":""V-1604912225918"",""orgStructureSKNumber"":"""",""orgStructureTPLStatus"":""ACTIVE"",""referenceOrgStructureTPLID"":""STR-55C80ACB""}]",ES-1604890793920,"",
299,[],"",ES-1604912279682,,Bank Artha Graha Asia Afrika Bandung (KCI),SUBCO-160491227968259,"0224230675","{""bizparKey"":""CORPTYPE-KC"",""bizparStatus"":""ACTIVE"",""bizparValue"":""KCI"",""bizparCreationalDTO"":{""createdBy"":""SYSTEM"",""createdDate"":""19-01-2020 14:45:07"",""modifiedBy"":"""",""modifiedDate"":null},""bizparCategory"":""CORPORATE_TYPE""}","",EMP-205,2020-11-09 14:46:28,SYSTEM,,ACTIVE,"{""orgLegalDocumentID"":null,""orgLegalDocumentURL"":null}","[{""orgStructureTPLID"":""OS-1604912317874"",""orgStructureTPLName"":""Bank Artha Graha Asia Afrika Bandung (KCI)"",""orgStructureStartDate"":null,""orgStructureEndDate"":null,""isOrgStructureDefault"":true,""orgStructureTag"":""V-1604912317874"",""orgStructureSKNumber"":"""",""orgStructureTPLStatus"":""ACTIVE"",""referenceOrgStructureTPLID"":""STR-66FEE96A""}]",ES-1604890793920,"",
296,[],co_secretary@ag.co.id,ES-1604912036659,,Bank Artha Graha Ir Soekarno Surabaya (KCP),SUBCO-160491203666056,"03159174017","{""bizparKey"":""CORPTYPE-KCP"",""bizparStatus"":""ACTIVE"",""bizparValue"":""KCP"",""bizparCreationalDTO"":{""createdBy"":""SYSTEM"",""createdDate"":""19-01-2020 14:45:07"",""modifiedBy"":"""",""modifiedDate"":null},""bizparCategory"":""CORPORATE_TYPE""}",www.arthagraha.com,EMP-205,2020-11-09 14:14:58,EMP-205,2020-11-10 14:00:36,ACTIVE,"{""orgLegalDocumentID"":null,""orgLegalDocumentURL"":null}","[{""orgStructureTPLID"":""OS-1604912104394"",""orgStructureTPLName"":""Bank Artha Graha Ir Soekarno Surabaya (KCP)"",""orgStructureStartDate"":null,""orgStructureEndDate"":null,""isOrgStructureDefault"":true,""orgStructureTag"":""V-1604912104394"",""orgStructureSKNumber"":"""",""orgStructureTPLStatus"":""ACTIVE"",""referenceOrgStructureTPLID"":""STR-06E255AC""}]",ES-1604911579372,"",
300,[],co_secretary@ag.co.id,ES-1604912367627,,Bank Artha Graha Raya Sudirman Bandung (KCP),SUBCO-160491236762727,"0224224344","{""bizparKey"":""CORPTYPE-KCP"",""bizparStatus"":""ACTIVE"",""bizparValue"":""KCP"",""bizparCreationalDTO"":{""createdBy"":""SYSTEM"",""createdDate"":""19-01-2020 14:45:07"",""modifiedBy"":"""",""modifiedDate"":null},""bizparCategory"":""CORPORATE_TYPE""}",www.arthagraha.com,EMP-205,2020-11-09 14:46:28,EMP-205,2020-11-10 14:00:36,ACTIVE,"{""orgLegalDocumentID"":null,""orgLegalDocumentURL"":null}","[{""orgStructureTPLID"":""OS-1604912404023"",""orgStructureTPLName"":""Bank Artha Graha Raya Sudirman Bandung (KCP)"",""orgStructureStartDate"":null,""orgStructureEndDate"":null,""isOrgStructureDefault"":true,""orgStructureTag"":""V-1604912404023"",""orgStructureSKNumber"":"""",""orgStructureTPLStatus"":""ACTIVE"",""referenceOrgStructureTPLID"":""STR-449A250E""}]",ES-1604912279682,"",
295,[],co_secretary@ag.co.id,ES-1604911409036,,Bank Artha Graha Karawang (KCP),SUBCO-160491140903729,"02678490288","{""bizparKey"":""CORPTYPE-KCP"",""bizparStatus"":""ACTIVE"",""bizparValue"":""KCP"",""bizparCreationalDTO"":{""createdBy"":""SYSTEM"",""createdDate"":""19-01-2020 14:45:07"",""modifiedBy"":"""",""modifiedDate"":null},""bizparCategory"":""CORPORATE_TYPE""}",www.arthagraha.com,EMP-205,2020-11-09 14:46:28,EMP-205,2020-11-10 14:00:36,ACTIVE,"{""orgLegalDocumentID"":null,""orgLegalDocumentURL"":null}","[{""orgStructureTPLID"":""OS-1604912037650"",""orgStructureTPLName"":""Bank Artha Graha Karawang (KCP)"",""orgStructureStartDate"":null,""orgStructureEndDate"":null,""isOrgStructureDefault"":true,""orgStructureTag"":""V-1604912037650"",""orgStructureSKNumber"":"""",""orgStructureTPLStatus"":""ACTIVE"",""referenceOrgStructureTPLID"":""STR-1AAB6AAB""}]",ES-1604911268228,"",
258,[],co_secretary@ag.co.id,ES-1604895716532,,Bank Artha Graha Bintaro (KCP),SUBCO-160489571653256,"0217375112","{""bizparKey"":""CORPTYPE-KCP"",""bizparStatus"":""ACTIVE"",""bizparValue"":""KCP"",""bizparCreationalDTO"":{""createdBy"":""SYSTEM"",""createdDate"":""19-01-2020 14:45:07"",""modifiedBy"":"""",""modifiedDate"":null},""bizparCategory"":""CORPORATE_TYPE""}",www.arthagraha.com,EMP-205,2020-11-09 10:43:15,EMP-205,2020-11-10 14:00:36,ACTIVE,"{""orgLegalDocumentID"":null,""orgLegalDocumentURL"":null}","[{""orgStructureTPLID"":""OS-1604895778265"",""orgStructureTPLName"":""Bank Artha Graha Bintaro (KCI)"",""orgStructureStartDate"":null,""orgStructureEndDate"":null,""isOrgStructureDefault"":true,""orgStructureTag"":""V-1604895778265"",""orgStructureSKNumber"":"""",""orgStructureTPLStatus"":""ACTIVE"",""referenceOrgStructureTPLID"":""STR-0DA37E1A""}]",ES-1604891896911,"",
297,[],"",ES-1604912091484,,Bank Artha Graha Subang (KCP),SUBCO-160491209148551,"022","{""bizparKey"":""CORPTYPE-KCP"",""bizparStatus"":""ACTIVE"",""bizparValue"":""KCP"",""bizparCreationalDTO"":{""createdBy"":""SYSTEM"",""createdDate"":""19-01-2020 14:45:07"",""modifiedBy"":"""",""modifiedDate"":null},""bizparCategory"":""CORPORATE_TYPE""}","",EMP-205,2020-11-09 14:46:28,SYSTEM,,ACTIVE,"{""orgLegalDocumentID"":null,""orgLegalDocumentURL"":null}","[{""orgStructureTPLID"":""OS-1604912152066"",""orgStructureTPLName"":""Bank Artha Graha Subang (KCP)"",""orgStructureStartDate"":null,""orgStructureEndDate"":null,""isOrgStructureDefault"":true,""orgStructureTag"":""V-1604912152066"",""orgStructureSKNumber"":"""",""orgStructureTPLStatus"":""ACTIVE"",""referenceOrgStructureTPLID"":""STR-34EB6EB2""}]",ES-1604911268228,"",
259,[],co_secretary@ag.co.id,ES-1604896687521,,Bank Artha Graha Bursa Efek Indonesia (KCP),SUBCO-160489668752107,"0215152168","{""bizparKey"":""CORPTYPE-KCP"",""bizparStatus"":""ACTIVE"",""bizparValue"":""KCP"",""bizparCreationalDTO"":{""createdBy"":""SYSTEM"",""createdDate"":""19-01-2020 14:45:07"",""modifiedBy"":"""",""modifiedDate"":null},""bizparCategory"":""CORPORATE_TYPE""}",www.arthagraha.com,EMP-205,2020-11-09 11:22:34,EMP-205,2020-11-10 14:00:36,ACTIVE,"{""orgLegalDocumentID"":null,""orgLegalDocumentURL"":null}","[{""orgStructureTPLID"":""OS-1604896742761"",""orgStructureTPLName"":""Bank Artha Graha Bursa Efek Indonesia (KCP)"",""orgStructureStartDate"":null,""orgStructureEndDate"":null,""isOrgStructureDefault"":true,""orgStructureTag"":""V-1604896742761"",""orgStructureSKNumber"":"""",""orgStructureTPLStatus"":""ACTIVE"",""referenceOrgStructureTPLID"":""STR-6ACA8293""}]",ES-1604891896911,"",
301,[],co_secretary@ag.co.id,ES-1604912441268,,Bank Artha Graha BKR Bandung (KCP),SUBCO-160491244126941,"02242821728","{""bizparKey"":""CORPTYPE-KCP"",""bizparStatus"":""ACTIVE"",""bizparValue"":""KCP"",""bizparCreationalDTO"":{""createdBy"":""SYSTEM"",""createdDate"":""19-01-2020 14:45:07"",""modifiedBy"":"""",""modifiedDate"":null},""bizparCategory"":""CORPORATE_TYPE""}",www.arthagraha.com,EMP-205,2020-11-09 14:46:28,EMP-205,2020-11-10 14:00:36,ACTIVE,"{""orgLegalDocumentID"":null,""orgLegalDocumentURL"":null}","[{""orgStructureTPLID"":""OS-1604912510321"",""orgStructureTPLName"":""Bank Artha Graha BKR Bandung (KCP)"",""orgStructureStartDate"":null,""orgStructureEndDate"":null,""isOrgStructureDefault"":true,""orgStructureTag"":""V-1604912510321"",""orgStructureSKNumber"":"""",""orgStructureTPLStatus"":""ACTIVE"",""referenceOrgStructureTPLID"":""STR-1F589E53""}]",ES-1604912279682,"",
260,[],co_secretary@ag.co.id,ES-1604896795971,,Bank Artha Graha Gading Serpong (KCP),SUBCO-160489679597255,"0215467217","{""bizparKey"":""CORPTYPE-KCP"",""bizparStatus"":""ACTIVE"",""bizparValue"":""KCP"",""bizparCreationalDTO"":{""createdBy"":""SYSTEM"",""createdDate"":""19-01-2020 14:45:07"",""modifiedBy"":"""",""modifiedDate"":null},""bizparCategory"":""CORPORATE_TYPE""}",www.arthagraha.com,EMP-205,2020-11-09 11:22:34,EMP-205,2020-11-10 14:00:36,ACTIVE,"{""orgLegalDocumentID"":null,""orgLegalDocumentURL"":null}","[{""orgStructureTPLID"":""OS-1604896863894"",""orgStructureTPLName"":""Bank Artha Graha Gading Serpong"",""orgStructureStartDate"":null,""orgStructureEndDate"":null,""isOrgStructureDefault"":true,""orgStructureTag"":""V-1604896863894"",""orgStructureSKNumber"":"""",""orgStructureTPLStatus"":""ACTIVE"",""referenceOrgStructureTPLID"":""STR-8BF77EA5""}]",ES-1604891896911,"",
261,[],"",ES-1604896943206,,Bank Artha Graha Suryopranoto (KCI),SUBCO-160489694320623,"0212311792","{""bizparKey"":""CORPTYPE-KC"",""bizparStatus"":""ACTIVE"",""bizparValue"":""KCI"",""bizparCreationalDTO"":{""createdBy"":""SYSTEM"",""createdDate"":""19-01-2020 14:45:07"",""modifiedBy"":"""",""modifiedDate"":null},""bizparCategory"":""CORPORATE_TYPE""}","",EMP-205,2020-11-09 11:22:34,SYSTEM,,ACTIVE,"{""orgLegalDocumentID"":null,""orgLegalDocumentURL"":null}","[{""orgStructureTPLID"":""OS-1606270975099"",""orgStructureTPLName"":""Bank Artha Graha Suryopranoto (KCI)"",""orgStructureStartDate"":null,""orgStructureEndDate"":null,""isOrgStructureDefault"":true,""orgStructureTag"":""V-1606270975099"",""orgStructureSKNumber"":"""",""orgStructureTPLStatus"":""ACTIVE"",""referenceOrgStructureTPLID"":""STR-9A873CDF""}]",ES-1604890793920,"",
262,[],"",ES-1604903717760,,Bank Artha Graha Menara Global (KCP),SUBCO-160490371776017,"021","{""bizparKey"":""CORPTYPE-KCP"",""bizparStatus"":""ACTIVE"",""bizparValue"":""KCP"",""bizparCreationalDTO"":{""createdBy"":""SYSTEM"",""createdDate"":""19-01-2020 14:45:07"",""modifiedBy"":"""",""modifiedDate"":null},""bizparCategory"":""CORPORATE_TYPE""}","",EMP-205,2020-11-09 11:22:34,SYSTEM,,ACTIVE,"{""orgLegalDocumentID"":null,""orgLegalDocumentURL"":null}","[{""orgStructureTPLID"":""OS-1604903820487"",""orgStructureTPLName"":""Bank Artha Graha Menara Global (KCP)"",""orgStructureStartDate"":null,""orgStructureEndDate"":null,""isOrgStructureDefault"":true,""orgStructureTag"":""V-1604903820487"",""orgStructureSKNumber"":"""",""orgStructureTPLStatus"":""ACTIVE"",""referenceOrgStructureTPLID"":""STR-8B76CAD4""}]",ES-1604896943206,"",
302,[],"",ES-1604912550196,,Bank Artha Graha Kartini Cirebon (KCI),SUBCO-160491255019630,"0231204227","{""bizparKey"":""CORPTYPE-KC"",""bizparStatus"":""ACTIVE"",""bizparValue"":""KCI"",""bizparCreationalDTO"":{""createdBy"":""SYSTEM"",""createdDate"":""19-01-2020 14:45:07"",""modifiedBy"":"""",""modifiedDate"":null},""bizparCategory"":""CORPORATE_TYPE""}","",EMP-205,2020-11-09 14:46:28,SYSTEM,,ACTIVE,"{""orgLegalDocumentID"":null,""orgLegalDocumentURL"":null}","[{""orgStructureTPLID"":""OS-1604912587598"",""orgStructureTPLName"":""Bank Artha Graha Kartini Cirebon (KCI)"",""orgStructureStartDate"":null,""orgStructureEndDate"":null,""isOrgStructureDefault"":true,""orgStructureTag"":""V-1604912587598"",""orgStructureSKNumber"":"""",""orgStructureTPLStatus"":""ACTIVE"",""referenceOrgStructureTPLID"":""STR-CF66FE3A""}]",ES-1604890793920,"",
268,[],co_secretary@ag.co.id,ES-1604904750846,,Bank Artha Graha Hos Cokroaminoto (KCP),SUBCO-160490475084630,"0213918889","{""bizparKey"":""CORPTYPE-KCP"",""bizparStatus"":""ACTIVE"",""bizparValue"":""KCP"",""bizparCreationalDTO"":{""createdBy"":""SYSTEM"",""createdDate"":""19-01-2020 14:45:07"",""modifiedBy"":"""",""modifiedDate"":null},""bizparCategory"":""CORPORATE_TYPE""}",www.arthagraha.com,EMP-205,2020-11-09 11:22:34,EMP-205,2020-11-10 14:00:36,ACTIVE,"{""orgLegalDocumentID"":null,""orgLegalDocumentURL"":null}","[{""orgStructureTPLID"":""OS-1604905694994"",""orgStructureTPLName"":""Bank Artha Graha Cokroaminoto (KCP)"",""orgStructureStartDate"":null,""orgStructureEndDate"":null,""isOrgStructureDefault"":true,""orgStructureTag"":""V-1604905694994"",""orgStructureSKNumber"":"""",""orgStructureTPLStatus"":""ACTIVE"",""referenceOrgStructureTPLID"":""STR-74CC340B""}]",ES-1604904661469,"",
263,[],co_secretary@ag.co.id,ES-1604904229702,,Bank Artha Graha Roxy Mas (KCP),SUBCO-160490422970349,"0216329546","{""bizparKey"":""CORPTYPE-KCP"",""bizparStatus"":""ACTIVE"",""bizparValue"":""KCP"",""bizparCreationalDTO"":{""createdBy"":""SYSTEM"",""createdDate"":""19-01-2020 14:45:07"",""modifiedBy"":"""",""modifiedDate"":null},""bizparCategory"":""CORPORATE_TYPE""}",www.arthagraha.com,EMP-205,2020-11-09 11:22:34,EMP-205,2020-11-10 14:00:36,ACTIVE,"{""orgLegalDocumentID"":null,""orgLegalDocumentURL"":null}","[{""orgStructureTPLID"":""OS-1604904307220"",""orgStructureTPLName"":""Bank Artha Graha Roxy Mas (KCP)"",""orgStructureStartDate"":null,""orgStructureEndDate"":null,""isOrgStructureDefault"":true,""orgStructureTag"":""V-1604904307220"",""orgStructureSKNumber"":"""",""orgStructureTPLStatus"":""ACTIVE"",""referenceOrgStructureTPLID"":""STR-4767752B""}]",ES-1604896943206,"",
266,[],co_secretary@ag.co.id,ES-1604904566480,,Bank Artha Graha Tangerang (KCP),SUBCO-160490456648026,"0215526878","{""bizparKey"":""CORPTYPE-KCP"",""bizparStatus"":""ACTIVE"",""bizparValue"":""KCP"",""bizparCreationalDTO"":{""createdBy"":""SYSTEM"",""createdDate"":""19-01-2020 14:45:07"",""modifiedBy"":"""",""modifiedDate"":null},""bizparCategory"":""CORPORATE_TYPE""}",www.arthagraha.com,EMP-205,2020-11-09 11:22:34,EMP-205,2020-11-10 14:00:36,ACTIVE,"{""orgLegalDocumentID"":null,""orgLegalDocumentURL"":null}","[{""orgStructureTPLID"":""OS-1604904619764"",""orgStructureTPLName"":""Bank Artha Graha Tangerang"",""orgStructureStartDate"":null,""orgStructureEndDate"":null,""isOrgStructureDefault"":true,""orgStructureTag"":""V-1604904619764"",""orgStructureSKNumber"":"""",""orgStructureTPLStatus"":""INACTIVE"",""referenceOrgStructureTPLID"":""STR-DBED30D6""}]",ES-1604896943206,"",
264,[],co_secretary@ag.co.id,ES-1604904351940,,Bank Artha Graha Borobudur (KCP),SUBCO-160490435194051,"0213842003","{""bizparKey"":""CORPTYPE-KCP"",""bizparStatus"":""ACTIVE"",""bizparValue"":""KCP"",""bizparCreationalDTO"":{""createdBy"":""SYSTEM"",""createdDate"":""19-01-2020 14:45:07"",""modifiedBy"":"""",""modifiedDate"":null},""bizparCategory"":""CORPORATE_TYPE""}",www.arthagraha.com,EMP-205,2020-11-09 11:22:34,EMP-205,2020-11-10 14:00:36,ACTIVE,"{""orgLegalDocumentID"":null,""orgLegalDocumentURL"":null}","[{""orgStructureTPLID"":""OS-1604904430081"",""orgStructureTPLName"":""Bank Artha Graha Borobudur (KCP)"",""orgStructureStartDate"":null,""orgStructureEndDate"":null,""isOrgStructureDefault"":true,""orgStructureTag"":""V-1604904430081"",""orgStructureSKNumber"":"""",""orgStructureTPLStatus"":""ACTIVE"",""referenceOrgStructureTPLID"":""STR-0B9A9D8A""}]",ES-1604896943206,"",
304,[],co_secretary@ag.co.id,ES-1604912678943,,Bank Artha Graha Prapen Surabaya (KCP),SUBCO-160491267894338,"0318473788","{""bizparKey"":""CORPTYPE-KCP"",""bizparStatus"":""ACTIVE"",""bizparValue"":""KCP"",""bizparCreationalDTO"":{""createdBy"":""SYSTEM"",""createdDate"":""19-01-2020 14:45:07"",""modifiedBy"":"""",""modifiedDate"":null},""bizparCategory"":""CORPORATE_TYPE""}",www.arthagraha.com,EMP-205,2020-11-09 14:14:58,EMP-205,2020-11-10 14:00:36,ACTIVE,"{""orgLegalDocumentID"":null,""orgLegalDocumentURL"":null}","[{""orgStructureTPLID"":""OS-1604912740164"",""orgStructureTPLName"":""Bank Artha Graha Prapen Surabaya (KCP)"",""orgStructureStartDate"":null,""orgStructureEndDate"":null,""isOrgStructureDefault"":true,""orgStructureTag"":""V-1604912740164"",""orgStructureSKNumber"":"""",""orgStructureTPLStatus"":""ACTIVE"",""referenceOrgStructureTPLID"":""STR-A020BC91""}]",ES-1604911579372,"",
267,[],"",ES-1604904661469,,Bank Artha Graha Matraman (KCI),SUBCO-160490466147001,"0218568890","{""bizparKey"":""CORPTYPE-KC"",""bizparStatus"":""ACTIVE"",""bizparValue"":""KCI"",""bizparCreationalDTO"":{""createdBy"":""SYSTEM"",""createdDate"":""19-01-2020 14:45:07"",""modifiedBy"":"""",""modifiedDate"":null},""bizparCategory"":""CORPORATE_TYPE""}","",EMP-205,2020-11-09 11:22:34,SYSTEM,,ACTIVE,"{""orgLegalDocumentID"":null,""orgLegalDocumentURL"":null}","[{""orgStructureTPLID"":""OS-1604904709852"",""orgStructureTPLName"":""Bank Artha Graha Matraman (KCI)"",""orgStructureStartDate"":null,""orgStructureEndDate"":null,""isOrgStructureDefault"":true,""orgStructureTag"":""V-1604904709853"",""orgStructureSKNumber"":"""",""orgStructureTPLStatus"":""ACTIVE"",""referenceOrgStructureTPLID"":""STR-13D1B219""}]",ES-1604890793920,"",
303,[],"",ES-1604912631311,,Bank Artha Graha Solo (KCI),SUBCO-160491263131151,"0271639999","{""bizparKey"":""CORPTYPE-KC"",""bizparStatus"":""ACTIVE"",""bizparValue"":""KCI"",""bizparCreationalDTO"":{""createdBy"":""SYSTEM"",""createdDate"":""19-01-2020 14:45:07"",""modifiedBy"":"""",""modifiedDate"":null},""bizparCategory"":""CORPORATE_TYPE""}","",EMP-205,2020-11-09 14:46:28,SYSTEM,,ACTIVE,"{""orgLegalDocumentID"":null,""orgLegalDocumentURL"":null}","[{""orgStructureTPLID"":""OS-1604912670771"",""orgStructureTPLName"":""Bank Artha Graha Solo (KCI)"",""orgStructureStartDate"":null,""orgStructureEndDate"":null,""isOrgStructureDefault"":true,""orgStructureTag"":""V-1604912670771"",""orgStructureSKNumber"":"""",""orgStructureTPLStatus"":""ACTIVE"",""referenceOrgStructureTPLID"":""STR-2FC31161""}]",ES-1604890793920,"",
305,[],"",ES-1604912728713,,Bank Artha Graha Pandanaran Semarang (KCI),SUBCO-160491272871328,"0248314103","{""bizparKey"":""CORPTYPE-KC"",""bizparStatus"":""ACTIVE"",""bizparValue"":""KCI"",""bizparCreationalDTO"":{""createdBy"":""SYSTEM"",""createdDate"":""19-01-2020 14:45:07"",""modifiedBy"":"""",""modifiedDate"":null},""bizparCategory"":""CORPORATE_TYPE""}","",EMP-205,2020-11-09 14:46:28,SYSTEM,,ACTIVE,"{""orgLegalDocumentID"":null,""orgLegalDocumentURL"":null}","[{""orgStructureTPLID"":""OS-1604912765390"",""orgStructureTPLName"":""Bank Artha Graha Pandanaran Semarang (KCI)"",""orgStructureStartDate"":null,""orgStructureEndDate"":null,""isOrgStructureDefault"":true,""orgStructureTag"":""V-1604912765390"",""orgStructureSKNumber"":"""",""orgStructureTPLStatus"":""ACTIVE"",""referenceOrgStructureTPLID"":""STR-BF16305B""}]",ES-1604890793920,"",
309,[],"",ES-1604912936710,,Bank Artha Graha Pontianak (KCI),SUBCO-160491293671056,"0561572800","{""bizparKey"":""CORPTYPE-KC"",""bizparStatus"":""ACTIVE"",""bizparValue"":""KCI"",""bizparCreationalDTO"":{""createdBy"":""SYSTEM"",""createdDate"":""19-01-2020 14:45:07"",""modifiedBy"":"""",""modifiedDate"":null},""bizparCategory"":""CORPORATE_TYPE""}","",EMP-205,2020-11-09 14:46:28,SYSTEM,,ACTIVE,"{""orgLegalDocumentID"":null,""orgLegalDocumentURL"":null}","[{""orgStructureTPLID"":""OS-1604912984913"",""orgStructureTPLName"":""Bank Artha Graha Pontianak (KCI)"",""orgStructureStartDate"":null,""orgStructureEndDate"":null,""isOrgStructureDefault"":true,""orgStructureTag"":""V-1604912984914"",""orgStructureSKNumber"":"""",""orgStructureTPLStatus"":""ACTIVE"",""referenceOrgStructureTPLID"":""STR-012A5154""}]",ES-1604890793920,"",
269,[],co_secretary@ag.co.id,ES-1604905742728,,Bank Artha Graha Kwitang (KCP),SUBCO-160490574272802,"0213903040","{""bizparKey"":""CORPTYPE-KCP"",""bizparStatus"":""ACTIVE"",""bizparValue"":""KCP"",""bizparCreationalDTO"":{""createdBy"":""SYSTEM"",""createdDate"":""19-01-2020 14:45:07"",""modifiedBy"":"""",""modifiedDate"":null},""bizparCategory"":""CORPORATE_TYPE""}",www.arthagraha.com,EMP-205,2020-11-09 11:22:34,EMP-205,2020-11-10 14:00:36,ACTIVE,"{""orgLegalDocumentID"":null,""orgLegalDocumentURL"":null}","[{""orgStructureTPLID"":""OS-1604905794242"",""orgStructureTPLName"":""Bank Artha Graha Kwitang (KCP)"",""orgStructureStartDate"":null,""orgStructureEndDate"":null,""isOrgStructureDefault"":true,""orgStructureTag"":""V-1604905794242"",""orgStructureSKNumber"":"""",""orgStructureTPLStatus"":""ACTIVE"",""referenceOrgStructureTPLID"":""STR-78566CC7""}]",ES-1604904661469,"",
306,[],"",ES-1604912800670,,Bank Artha Graha Samarinda (KCI),SUBCO-160491280067040,"0541202267","{""bizparKey"":""CORPTYPE-KC"",""bizparStatus"":""ACTIVE"",""bizparValue"":""KCI"",""bizparCreationalDTO"":{""createdBy"":""SYSTEM"",""createdDate"":""19-01-2020 14:45:07"",""modifiedBy"":"""",""modifiedDate"":null},""bizparCategory"":""CORPORATE_TYPE""}","",EMP-205,2020-11-09 14:46:28,SYSTEM,,ACTIVE,"{""orgLegalDocumentID"":null,""orgLegalDocumentURL"":null}","[{""orgStructureTPLID"":""OS-1604912840668"",""orgStructureTPLName"":""Bank Artha Graha Samarinda (KCI)"",""orgStructureStartDate"":null,""orgStructureEndDate"":null,""isOrgStructureDefault"":true,""orgStructureTag"":""V-1604912840668"",""orgStructureSKNumber"":"""",""orgStructureTPLStatus"":""ACTIVE"",""referenceOrgStructureTPLID"":""STR-97BFB49D""}]",ES-1604890793920,"",
307,[],"",ES-1604912825262,,Bank Artha Graha HR Muhammad Surabaya (KCP),SUBCO-160491282526305,"0317321150","{""bizparKey"":""CORPTYPE-KCP"",""bizparStatus"":""ACTIVE"",""bizparValue"":""KCP"",""bizparCreationalDTO"":{""createdBy"":""SYSTEM"",""createdDate"":""19-01-2020 14:45:07"",""modifiedBy"":"""",""modifiedDate"":null},""bizparCategory"":""CORPORATE_TYPE""}","",EMP-205,2020-11-09 14:14:58,SYSTEM,,ACTIVE,"{""orgLegalDocumentID"":null,""orgLegalDocumentURL"":null}","[{""orgStructureTPLID"":""OS-1604912868884"",""orgStructureTPLName"":""Bank Artha Graha HR Muhammad Surabaya (KCP)"",""orgStructureStartDate"":null,""orgStructureEndDate"":null,""isOrgStructureDefault"":true,""orgStructureTag"":""V-1604912868884"",""orgStructureSKNumber"":"""",""orgStructureTPLStatus"":""ACTIVE"",""referenceOrgStructureTPLID"":""STR-1014DE04""}]",ES-1604911579372,"",
308,[],"",ES-1604912867432,,Bank Artha Graha Balikpapan (KCI),SUBCO-160491286743347,"05428820540","{""bizparKey"":""CORPTYPE-KC"",""bizparStatus"":""ACTIVE"",""bizparValue"":""KCI"",""bizparCreationalDTO"":{""createdBy"":""SYSTEM"",""createdDate"":""19-01-2020 14:45:07"",""modifiedBy"":"""",""modifiedDate"":null},""bizparCategory"":""CORPORATE_TYPE""}","",EMP-205,2020-11-09 14:46:28,SYSTEM,,ACTIVE,"{""orgLegalDocumentID"":null,""orgLegalDocumentURL"":null}","[{""orgStructureTPLID"":""OS-1604912900279"",""orgStructureTPLName"":""Bank Artha Graha Balikpapan (KCI)"",""orgStructureStartDate"":null,""orgStructureEndDate"":null,""isOrgStructureDefault"":true,""orgStructureTag"":""V-1604912900279"",""orgStructureSKNumber"":"""",""orgStructureTPLStatus"":""ACTIVE"",""referenceOrgStructureTPLID"":""STR-749217BF""}]",ES-1604890793920,"",
310,[],"",ES-1604912987911,,Bank Artha Graha Kendari (KCI),SUBCO-160491298791147,"04013129709","{""bizparKey"":""CORPTYPE-KC"",""bizparStatus"":""ACTIVE"",""bizparValue"":""KCI"",""bizparCreationalDTO"":{""createdBy"":""SYSTEM"",""createdDate"":""19-01-2020 14:45:07"",""modifiedBy"":"""",""modifiedDate"":null},""bizparCategory"":""CORPORATE_TYPE""}","",EMP-205,2020-11-09 14:14:58,SYSTEM,,ACTIVE,"{""orgLegalDocumentID"":null,""orgLegalDocumentURL"":null}","[{""orgStructureTPLID"":""OS-1604913030161"",""orgStructureTPLName"":""Bank Artha Graha Kendari (KCI)"",""orgStructureStartDate"":null,""orgStructureEndDate"":null,""isOrgStructureDefault"":true,""orgStructureTag"":""V-1604913030161"",""orgStructureSKNumber"":"""",""orgStructureTPLStatus"":""ACTIVE"",""referenceOrgStructureTPLID"":""STR-449CD698""}]",ES-1604890793920,"",
311,[],"",ES-1604913018363,,Bank Artha Graha Banjarmasin (KCI),SUBCO-160491301836418,"05113351632","{""bizparKey"":""CORPTYPE-KC"",""bizparStatus"":""ACTIVE"",""bizparValue"":""KCI"",""bizparCreationalDTO"":{""createdBy"":""SYSTEM"",""createdDate"":""19-01-2020 14:45:07"",""modifiedBy"":"""",""modifiedDate"":null},""bizparCategory"":""CORPORATE_TYPE""}","",EMP-205,2020-11-09 14:46:28,SYSTEM,,ACTIVE,"{""orgLegalDocumentID"":null,""orgLegalDocumentURL"":null}","[{""orgStructureTPLID"":""OS-1604913062270"",""orgStructureTPLName"":""Bank Artha Graha Banjarmasin (KCI)"",""orgStructureStartDate"":null,""orgStructureEndDate"":null,""isOrgStructureDefault"":true,""orgStructureTag"":""V-1604913062270"",""orgStructureSKNumber"":"""",""orgStructureTPLStatus"":""ACTIVE"",""referenceOrgStructureTPLID"":""STR-AC30BCA6""}]",ES-1604890793920,"",
312,[],"",ES-1604913108186,,Bank Artha Graha Rivai Palembang (KCI),SUBCO-160491310818648,"0711356188","{""bizparKey"":""CORPTYPE-KC"",""bizparStatus"":""ACTIVE"",""bizparValue"":""KCI"",""bizparCreationalDTO"":{""createdBy"":""SYSTEM"",""createdDate"":""19-01-2020 14:45:07"",""modifiedBy"":"""",""modifiedDate"":null},""bizparCategory"":""CORPORATE_TYPE""}","",EMP-205,2020-11-09 14:46:28,SYSTEM,,ACTIVE,"{""orgLegalDocumentID"":null,""orgLegalDocumentURL"":null}","[{""orgStructureTPLID"":""OS-1604913156776"",""orgStructureTPLName"":""Bank Artha Graha Rivai Palembang (KCI)"",""orgStructureStartDate"":null,""orgStructureEndDate"":null,""isOrgStructureDefault"":true,""orgStructureTag"":""V-1604913156776"",""orgStructureSKNumber"":"""",""orgStructureTPLStatus"":""ACTIVE"",""referenceOrgStructureTPLID"":""STR-489BA128""}]",ES-1604890793920,"",
314,[],"",ES-1604913274324,,Bank Artha Graha Jambi (KCI),SUBCO-160491327432434,"074134901","{""bizparKey"":""CORPTYPE-KC"",""bizparStatus"":""ACTIVE"",""bizparValue"":""KCI"",""bizparCreationalDTO"":{""createdBy"":""SYSTEM"",""createdDate"":""19-01-2020 14:45:07"",""modifiedBy"":"""",""modifiedDate"":null},""bizparCategory"":""CORPORATE_TYPE""}","",EMP-205,2020-11-09 14:46:28,SYSTEM,,ACTIVE,"{""orgLegalDocumentID"":null,""orgLegalDocumentURL"":null}","[{""orgStructureTPLID"":""OS-1604913312499"",""orgStructureTPLName"":""Bank Artha Graha Jambi (KCI)"",""orgStructureStartDate"":null,""orgStructureEndDate"":null,""isOrgStructureDefault"":true,""orgStructureTag"":""V-1604913312500"",""orgStructureSKNumber"":"""",""orgStructureTPLStatus"":""ACTIVE"",""referenceOrgStructureTPLID"":""STR-EE403821""}]",ES-1604890793920,"",
320,[],co_secretary@ag.co.id,ES-1604913552830,,Bank Artha Graha Riau Pekanbaru (KCP),SUBCO-160491355283012,"0761862750","{""bizparKey"":""CORPTYPE-KCP"",""bizparStatus"":""ACTIVE"",""bizparValue"":""KCP"",""bizparCreationalDTO"":{""createdBy"":""SYSTEM"",""createdDate"":""19-01-2020 14:45:07"",""modifiedBy"":"""",""modifiedDate"":null},""bizparCategory"":""CORPORATE_TYPE""}",www.arthagraha.com,EMP-205,2020-11-09 14:46:28,EMP-205,2020-11-10 14:00:36,ACTIVE,"{""orgLegalDocumentID"":null,""orgLegalDocumentURL"":null}","[{""orgStructureTPLID"":""OS-1604913607474"",""orgStructureTPLName"":""Bank Artha Graha Riau Pekanbaru (KCP)"",""orgStructureStartDate"":null,""orgStructureEndDate"":null,""isOrgStructureDefault"":true,""orgStructureTag"":""V-1604913607475"",""orgStructureSKNumber"":"""",""orgStructureTPLStatus"":""ACTIVE"",""referenceOrgStructureTPLID"":""STR-6F586D2A""}]",ES-1604913498275,"",
313,[],"",ES-1604913228107,,Bank Artha Graha Denpasar Bali (KCI),SUBCO-160491322810848,"0361262751","{""bizparKey"":""CORPTYPE-KC"",""bizparStatus"":""ACTIVE"",""bizparValue"":""KCI"",""bizparCreationalDTO"":{""createdBy"":""SYSTEM"",""createdDate"":""19-01-2020 14:45:07"",""modifiedBy"":"""",""modifiedDate"":null},""bizparCategory"":""CORPORATE_TYPE""}","",EMP-205,2020-11-09 14:14:58,SYSTEM,,ACTIVE,"{""orgLegalDocumentID"":null,""orgLegalDocumentURL"":null}","[{""orgStructureTPLID"":""OS-1604913307936"",""orgStructureTPLName"":""Bank Artha Graha Denpasar Bali (KCI)"",""orgStructureStartDate"":null,""orgStructureEndDate"":null,""isOrgStructureDefault"":true,""orgStructureTag"":""V-1604913307936"",""orgStructureSKNumber"":"""",""orgStructureTPLStatus"":""ACTIVE"",""referenceOrgStructureTPLID"":""STR-EED95640""}]",ES-1604890793920,"",
315,[],"",ES-1604913337381,,Bank Artha Graha Pangkal Pinang (KCI),SUBCO-160491333738137,"07174261191","{""bizparKey"":""CORPTYPE-KC"",""bizparStatus"":""ACTIVE"",""bizparValue"":""KCI"",""bizparCreationalDTO"":{""createdBy"":""SYSTEM"",""createdDate"":""19-01-2020 14:45:07"",""modifiedBy"":"""",""modifiedDate"":null},""bizparCategory"":""CORPORATE_TYPE""}","",EMP-205,2020-11-09 14:46:28,SYSTEM,,ACTIVE,"{""orgLegalDocumentID"":null,""orgLegalDocumentURL"":null}","[{""orgStructureTPLID"":""OS-1604913375273"",""orgStructureTPLName"":""Bank Artha Graha Pangkal Pinang (KCI)"",""orgStructureStartDate"":null,""orgStructureEndDate"":null,""isOrgStructureDefault"":true,""orgStructureTag"":""V-1604913375274"",""orgStructureSKNumber"":"""",""orgStructureTPLStatus"":""ACTIVE"",""referenceOrgStructureTPLID"":""STR-C68DE546""}]",ES-1604890793920,"",
271,[],co_secretary@ag.co.id,ES-1604906755161,,Bank Artha Graha Ujung Menteng (KCP),SUBCO-160490675516155,"02188855973","{""bizparKey"":""CORPTYPE-KCP"",""bizparStatus"":""ACTIVE"",""bizparValue"":""KCP"",""bizparCreationalDTO"":{""createdBy"":""SYSTEM"",""createdDate"":""19-01-2020 14:45:07"",""modifiedBy"":"""",""modifiedDate"":null},""bizparCategory"":""CORPORATE_TYPE""}",www.arthagraha.com,EMP-205,2020-11-09 14:14:58,EMP-205,2020-11-10 14:00:36,ACTIVE,"{""orgLegalDocumentID"":null,""orgLegalDocumentURL"":null}","[{""orgStructureTPLID"":""OS-1604906869656"",""orgStructureTPLName"":""Bank Artha Graha Ujung Menteng (KCP)"",""orgStructureStartDate"":null,""orgStructureEndDate"":null,""isOrgStructureDefault"":true,""orgStructureTag"":""V-1604906869656"",""orgStructureSKNumber"":"""",""orgStructureTPLStatus"":""ACTIVE"",""referenceOrgStructureTPLID"":""STR-34C47CE8""}]",ES-1604904661469,"",
317,[],"",ES-1604913418257,,Bank Artha Graha Batam (KCI),SUBCO-160491341825858,"0778433068","{""bizparKey"":""CORPTYPE-KC"",""bizparStatus"":""ACTIVE"",""bizparValue"":""KCI"",""bizparCreationalDTO"":{""createdBy"":""SYSTEM"",""createdDate"":""19-01-2020 14:45:07"",""modifiedBy"":"""",""modifiedDate"":null},""bizparCategory"":""CORPORATE_TYPE""}","",EMP-205,2020-11-09 14:46:28,EMP-205,2020-11-09 14:46:28,ACTIVE,"{""orgLegalDocumentID"":null,""orgLegalDocumentURL"":null}","[{""orgStructureTPLID"":""OS-1604913467684"",""orgStructureTPLName"":""Bank Artha Graha Batam (KCI)"",""orgStructureStartDate"":null,""orgStructureEndDate"":null,""isOrgStructureDefault"":true,""orgStructureTag"":""V-1604913467684"",""orgStructureSKNumber"":"""",""orgStructureTPLStatus"":""ACTIVE"",""referenceOrgStructureTPLID"":""STR-EB0F5643""}]",ES-1604890793920,"",
316,[],co_secretary@ag.co.id,ES-1604913368420,,Bank Artha Graha Kuta Bali (KCP),SUBCO-160491336842108,"0361769630","{""bizparKey"":""CORPTYPE-KCP"",""bizparStatus"":""ACTIVE"",""bizparValue"":""KCP"",""bizparCreationalDTO"":{""createdBy"":""SYSTEM"",""createdDate"":""19-01-2020 14:45:07"",""modifiedBy"":"""",""modifiedDate"":null},""bizparCategory"":""CORPORATE_TYPE""}",www.arthagraha.com,EMP-205,2020-11-09 14:14:58,EMP-205,2020-11-10 14:00:36,ACTIVE,"{""orgLegalDocumentID"":null,""orgLegalDocumentURL"":null}","[{""orgStructureTPLID"":""OS-1604913423628"",""orgStructureTPLName"":""Bank Artha Graha Kuta Bali (KCP)"",""orgStructureStartDate"":null,""orgStructureEndDate"":null,""isOrgStructureDefault"":true,""orgStructureTag"":""V-1604913423628"",""orgStructureSKNumber"":"""",""orgStructureTPLStatus"":""ACTIVE"",""referenceOrgStructureTPLID"":""STR-6ACD3BE8""}]",ES-1604913228107,"",
120,,co_secretary@ag.co.id,ES-1579352234417,,Bank Artha Graha Sudirman (KPNO)-2,SUBCO-157935223441714,"021","{""bizparKey"":""CORPTYP-002"",""bizparStatus"":""ACTIVE"",""bizparValue"":""HO"",""bizparCreationalDTO"":{""createdBy"":""SYSTEM"",""createdDate"":""13-09-2019 10:48:22"",""modifiedBy"":""EMP-205"",""modifiedDate"":""15-01-2020 01:29:53""},""bizparCategory"":""CORPORATE_TYPE""}",www.arthagraha.com,EMP-205,2020-01-17 17:47:40,EMP-205,2020-01-20 10:30:10,INACTIVE,"{""orgLegalDocumentID"":null,""orgLegalDocumentURL"":null}","[{""orgStructureTPLID"":""OS-1585221532045"",""orgStructureTPLName"":""Bank Artha Graha Internasional KPNO"",""orgStructureStartDate"":""26-03-2020"",""orgStructureEndDate"":""26-03-2040"",""isOrgStructureDefault"":true,""orgStructureTag"":""V-1585221532045"",""orgStructureSKNumber"":""1"",""orgStructureTPLStatus"":""ACTIVE"",""referenceOrgStructureTPLID"":""STR-1583461208656""}]",,,
321,[],co_secretary@ag.co.id,ES-1604913625639,,Bank Artha Graha Tual (KCP),SUBCO-160491362563925,"0911","{""bizparKey"":""CORPTYPE-KCP"",""bizparStatus"":""ACTIVE"",""bizparValue"":""KCP"",""bizparCreationalDTO"":{""createdBy"":""SYSTEM"",""createdDate"":""19-01-2020 14:45:07"",""modifiedBy"":"""",""modifiedDate"":null},""bizparCategory"":""CORPORATE_TYPE""}",www.arthagraha.com,EMP-205,2020-11-09 14:14:58,EMP-205,2020-11-10 14:00:36,ACTIVE,"{""orgLegalDocumentID"":null,""orgLegalDocumentURL"":null}","[{""orgStructureTPLID"":""OS-1604913677249"",""orgStructureTPLName"":""Bank Artha Graha Tual (KCP)"",""orgStructureStartDate"":null,""orgStructureEndDate"":null,""isOrgStructureDefault"":true,""orgStructureTag"":""V-1604913677249"",""orgStructureSKNumber"":"""",""orgStructureTPLStatus"":""ACTIVE"",""referenceOrgStructureTPLID"":""STR-08AFE201""}]",ES-1604913512617,"",
318,[],"",ES-1604913498275,,Bank Artha Graha Pekanbaru (KCI),SUBCO-160491349827518,"0761855577","{""bizparKey"":""CORPTYPE-KC"",""bizparStatus"":""ACTIVE"",""bizparValue"":""KCI"",""bizparCreationalDTO"":{""createdBy"":""SYSTEM"",""createdDate"":""19-01-2020 14:45:07"",""modifiedBy"":"""",""modifiedDate"":null},""bizparCategory"":""CORPORATE_TYPE""}","",EMP-205,2020-11-09 14:46:28,SYSTEM,,ACTIVE,"{""orgLegalDocumentID"":null,""orgLegalDocumentURL"":null}","[{""orgStructureTPLID"":""OS-1604913535606"",""orgStructureTPLName"":""Bank Artha Graha Pekanbaru (KCI)"",""orgStructureStartDate"":null,""orgStructureEndDate"":null,""isOrgStructureDefault"":true,""orgStructureTag"":""V-1604913535606"",""orgStructureSKNumber"":"""",""orgStructureTPLStatus"":""ACTIVE"",""referenceOrgStructureTPLID"":""STR-C55C1687""}]",ES-1604890793920,"",
319,[],"",ES-1604913512617,,Bank Artha Graha Diponegoro Ambon (KCI),SUBCO-160491351261732,"0911341216","{""bizparKey"":""CORPTYPE-KC"",""bizparStatus"":""ACTIVE"",""bizparValue"":""KCI"",""bizparCreationalDTO"":{""createdBy"":""SYSTEM"",""createdDate"":""19-01-2020 14:45:07"",""modifiedBy"":"""",""modifiedDate"":null},""bizparCategory"":""CORPORATE_TYPE""}","",EMP-205,2020-11-09 14:14:58,SYSTEM,,ACTIVE,"{""orgLegalDocumentID"":null,""orgLegalDocumentURL"":null}","[{""orgStructureTPLID"":""OS-1604913574156"",""orgStructureTPLName"":""Bank Artha Graha Diponegoro Ambon (KCI)"",""orgStructureStartDate"":null,""orgStructureEndDate"":null,""isOrgStructureDefault"":true,""orgStructureTag"":""V-1604913574156"",""orgStructureSKNumber"":"""",""orgStructureTPLStatus"":""ACTIVE"",""referenceOrgStructureTPLID"":""STR-065BB645""}]",ES-1604890793920,"",
324,[],co_secretary@ag.co.id,ES-1604913729109,,Bank Artha Graha Sutomo Medan (KCP),SUBCO-160491372910909,"0614524429","{""bizparKey"":""CORPTYPE-KCP"",""bizparStatus"":""ACTIVE"",""bizparValue"":""KCP"",""bizparCreationalDTO"":{""createdBy"":""SYSTEM"",""createdDate"":""19-01-2020 14:45:07"",""modifiedBy"":"""",""modifiedDate"":null},""bizparCategory"":""CORPORATE_TYPE""}",www.arthagraha.com,EMP-205,2020-11-09 14:46:28,EMP-205,2020-11-10 14:00:36,ACTIVE,"{""orgLegalDocumentID"":null,""orgLegalDocumentURL"":null}","[{""orgStructureTPLID"":""OS-1604913771740"",""orgStructureTPLName"":""Bank Artha Graha Sutomo Medan (KCP)"",""orgStructureStartDate"":null,""orgStructureEndDate"":null,""isOrgStructureDefault"":true,""orgStructureTag"":""V-1604913771740"",""orgStructureSKNumber"":"""",""orgStructureTPLStatus"":""ACTIVE"",""referenceOrgStructureTPLID"":""STR-57DE0301""}]",ES-1604913661644,"",
322,[],"",ES-1604913661644,,Bank Artha Graha Pemuda Medan (KCI),SUBCO-160491366164501,"0614511180","{""bizparKey"":""CORPTYPE-KC"",""bizparStatus"":""ACTIVE"",""bizparValue"":""KCI"",""bizparCreationalDTO"":{""createdBy"":""SYSTEM"",""createdDate"":""19-01-2020 14:45:07"",""modifiedBy"":"""",""modifiedDate"":null},""bizparCategory"":""CORPORATE_TYPE""}","",EMP-205,2020-11-09 14:46:28,SYSTEM,,ACTIVE,"{""orgLegalDocumentID"":null,""orgLegalDocumentURL"":null}","[{""orgStructureTPLID"":""OS-1604913695265"",""orgStructureTPLName"":""Bank Artha Graha Pemuda Medan (KCI)"",""orgStructureStartDate"":null,""orgStructureEndDate"":null,""isOrgStructureDefault"":true,""orgStructureTag"":""V-1604913695265"",""orgStructureSKNumber"":"""",""orgStructureTPLStatus"":""ACTIVE"",""referenceOrgStructureTPLID"":""STR-CE0A2042""}]",ES-1604890793920,"",
323,[],co_secretary@ag.co.id,ES-1604913718891,,Bank Artha Graha Mardika Ambon (KCP),SUBCO-160491371889158,"0911354611","{""bizparKey"":""CORPTYPE-KCP"",""bizparStatus"":""ACTIVE"",""bizparValue"":""KCP"",""bizparCreationalDTO"":{""createdBy"":""SYSTEM"",""createdDate"":""19-01-2020 14:45:07"",""modifiedBy"":"""",""modifiedDate"":null},""bizparCategory"":""CORPORATE_TYPE""}",www.arthagraha.com,EMP-205,2020-11-09 14:14:58,EMP-205,2020-11-10 14:00:36,ACTIVE,"{""orgLegalDocumentID"":null,""orgLegalDocumentURL"":null}","[{""orgStructureTPLID"":""OS-1604913760864"",""orgStructureTPLName"":""Bank Artha Graha Mardika Ambon (KCP)"",""orgStructureStartDate"":null,""orgStructureEndDate"":null,""isOrgStructureDefault"":true,""orgStructureTag"":""V-1604913760864"",""orgStructureSKNumber"":"""",""orgStructureTPLStatus"":""ACTIVE"",""referenceOrgStructureTPLID"":""STR-CDBE96D3""}]",ES-1604913512617,"",
326,[],"",ES-1604913826076,,Bank Artha Graha Ternate (KCI),SUBCO-160491382607746,"09213121349","{""bizparKey"":""CORPTYPE-KC"",""bizparStatus"":""ACTIVE"",""bizparValue"":""KCI"",""bizparCreationalDTO"":{""createdBy"":""SYSTEM"",""createdDate"":""19-01-2020 14:45:07"",""modifiedBy"":"""",""modifiedDate"":null},""bizparCategory"":""CORPORATE_TYPE""}","",EMP-205,2020-11-09 14:14:58,SYSTEM,,ACTIVE,"{""orgLegalDocumentID"":null,""orgLegalDocumentURL"":null}","[{""orgStructureTPLID"":""OS-1604913861521"",""orgStructureTPLName"":""Bank Artha Graha Ternate (KCI)"",""orgStructureStartDate"":null,""orgStructureEndDate"":null,""isOrgStructureDefault"":true,""orgStructureTag"":""V-1604913861521"",""orgStructureSKNumber"":"""",""orgStructureTPLStatus"":""ACTIVE"",""referenceOrgStructureTPLID"":""STR-3E0F5526""}]",ES-1604890793920,"",
327,[],"",ES-1604913895168,,Bank Artha Graha Sam Ratulangi Manado (KCI),SUBCO-160491389516855,"0431868033","{""bizparKey"":""CORPTYPE-KC"",""bizparStatus"":""ACTIVE"",""bizparValue"":""KCI"",""bizparCreationalDTO"":{""createdBy"":""SYSTEM"",""createdDate"":""19-01-2020 14:45:07"",""modifiedBy"":"""",""modifiedDate"":null},""bizparCategory"":""CORPORATE_TYPE""}","",EMP-205,2020-11-09 14:46:28,SYSTEM,,ACTIVE,"{""orgLegalDocumentID"":null,""orgLegalDocumentURL"":null}","[{""orgStructureTPLID"":""OS-1604913928361"",""orgStructureTPLName"":""Bank Artha Graha Sam Ratulangi Manado (KCI)"",""orgStructureStartDate"":null,""orgStructureEndDate"":null,""isOrgStructureDefault"":true,""orgStructureTag"":""V-1604913928361"",""orgStructureSKNumber"":"""",""orgStructureTPLStatus"":""ACTIVE"",""referenceOrgStructureTPLID"":""STR-86FE0033""}]",ES-1604890793920,"",
328,[],"",ES-1604913905839,,Bank Artha Graha Kupang (KCI),SUBCO-160491390583905,"0380831868","{""bizparKey"":""CORPTYPE-KC"",""bizparStatus"":""ACTIVE"",""bizparValue"":""KCI"",""bizparCreationalDTO"":{""createdBy"":""SYSTEM"",""createdDate"":""19-01-2020 14:45:07"",""modifiedBy"":"""",""modifiedDate"":null},""bizparCategory"":""CORPORATE_TYPE""}","",EMP-205,2020-11-09 14:14:58,SYSTEM,,ACTIVE,"{""orgLegalDocumentID"":null,""orgLegalDocumentURL"":null}","[{""orgStructureTPLID"":""OS-1604913955849"",""orgStructureTPLName"":""Bank Artha Graha Kupang (KCI)"",""orgStructureStartDate"":null,""orgStructureEndDate"":null,""isOrgStructureDefault"":true,""orgStructureTag"":""V-1604913955849"",""orgStructureSKNumber"":"""",""orgStructureTPLStatus"":""ACTIVE"",""referenceOrgStructureTPLID"":""STR-D94688C2""}]",ES-1604890793920,"",
329,[],co_secretary@ag.co.id,ES-1604913947169,,Bank Artha Graha Calaca Manado (KCP),SUBCO-160491394716947,"0431851633","{""bizparKey"":""CORPTYPE-KCP"",""bizparStatus"":""ACTIVE"",""bizparValue"":""KCP"",""bizparCreationalDTO"":{""createdBy"":""SYSTEM"",""createdDate"":""19-01-2020 14:45:07"",""modifiedBy"":"""",""modifiedDate"":null},""bizparCategory"":""CORPORATE_TYPE""}",www.arthagraha.com,EMP-205,2020-11-09 14:46:28,EMP-205,2020-11-10 14:00:36,ACTIVE,"{""orgLegalDocumentID"":null,""orgLegalDocumentURL"":null}","[{""orgStructureTPLID"":""OS-1604913999687"",""orgStructureTPLName"":""Bank Artha Graha Calaca Manado (KCP)"",""orgStructureStartDate"":null,""orgStructureEndDate"":null,""isOrgStructureDefault"":true,""orgStructureTag"":""V-1604913999688"",""orgStructureSKNumber"":"""",""orgStructureTPLStatus"":""ACTIVE"",""referenceOrgStructureTPLID"":""STR-4A66CB38""}]",ES-1604913895168,"",
330,[],"",ES-1604913998554,,Bank Artha Graha Bitung (KCI),SUBCO-160491399855438,"043832501","{""bizparKey"":""CORPTYPE-KC"",""bizparStatus"":""ACTIVE"",""bizparValue"":""KCI"",""bizparCreationalDTO"":{""createdBy"":""SYSTEM"",""createdDate"":""19-01-2020 14:45:07"",""modifiedBy"":"""",""modifiedDate"":null},""bizparCategory"":""CORPORATE_TYPE""}","",EMP-205,2020-11-09 14:14:58,SYSTEM,,ACTIVE,"{""orgLegalDocumentID"":null,""orgLegalDocumentURL"":null}","[{""orgStructureTPLID"":""OS-1604914049847"",""orgStructureTPLName"":""Bank Artha Graha Bitung (KCI)"",""orgStructureStartDate"":null,""orgStructureEndDate"":null,""isOrgStructureDefault"":true,""orgStructureTag"":""V-1604914049847"",""orgStructureSKNumber"":"""",""orgStructureTPLStatus"":""ACTIVE"",""referenceOrgStructureTPLID"":""STR-58549E47""}]",ES-1604890793920,"",
273,[],"",ES-1604907481981,,Bank Artha Graha P.Jayakarta (KCI),SUBCO-160490748198201,"0216262658","{""bizparKey"":""CORPTYPE-KC"",""bizparStatus"":""ACTIVE"",""bizparValue"":""KCI"",""bizparCreationalDTO"":{""createdBy"":""SYSTEM"",""createdDate"":""19-01-2020 14:45:07"",""modifiedBy"":"""",""modifiedDate"":null},""bizparCategory"":""CORPORATE_TYPE""}","",EMP-205,2020-11-09 14:14:58,EMP-205,2020-11-09 14:14:58,ACTIVE,"{""orgLegalDocumentID"":null,""orgLegalDocumentURL"":null}","[{""orgStructureTPLID"":""OS-1604907832121"",""orgStructureTPLName"":""Bank Artha Graha P. Jayakarta (KC)"",""orgStructureStartDate"":null,""orgStructureEndDate"":null,""isOrgStructureDefault"":true,""orgStructureTag"":""V-1604907832121"",""orgStructureSKNumber"":"""",""orgStructureTPLStatus"":""ACTIVE"",""referenceOrgStructureTPLID"":""STR-BB9FC576""}]",ES-1604890793920,"",
280,[],"",ES-1604908974347,,Bank Artha Graha Artha Gading (KCI),SUBCO-160490897434754,"02145858090","{""bizparKey"":""CORPTYPE-KC"",""bizparStatus"":""ACTIVE"",""bizparValue"":""KCI"",""bizparCreationalDTO"":{""createdBy"":""SYSTEM"",""createdDate"":""19-01-2020 14:45:07"",""modifiedBy"":"""",""modifiedDate"":null},""bizparCategory"":""CORPORATE_TYPE""}","",EMP-205,2020-11-09 14:14:58,SYSTEM,,ACTIVE,"{""orgLegalDocumentID"":null,""orgLegalDocumentURL"":null}","[{""orgStructureTPLID"":""OS-1604909048362"",""orgStructureTPLName"":""Bank Artha Graha Artha Gading (KCI)"",""orgStructureStartDate"":null,""orgStructureEndDate"":null,""isOrgStructureDefault"":true,""orgStructureTag"":""V-1604909048362"",""orgStructureSKNumber"":"""",""orgStructureTPLStatus"":""ACTIVE"",""referenceOrgStructureTPLID"":""STR-F355CF10""}]",ES-1604890793920,"",
325,[],co_secretary@ag.co.id,ES-1604913804470,,Bank Artha Graha Cemara Asri Medan (KCP),SUBCO-160491380447024,"0616627101","{""bizparKey"":""CORPTYPE-KCP"",""bizparStatus"":""ACTIVE"",""bizparValue"":""KCP"",""bizparCreationalDTO"":{""createdBy"":""SYSTEM"",""createdDate"":""19-01-2020 14:45:07"",""modifiedBy"":"""",""modifiedDate"":null},""bizparCategory"":""CORPORATE_TYPE""}",www.arthagraha.com,EMP-205,2020-11-09 14:46:28,EMP-205,2020-11-10 14:00:36,ACTIVE,"{""orgLegalDocumentID"":null,""orgLegalDocumentURL"":null}","[{""orgStructureTPLID"":""OS-1604913840056"",""orgStructureTPLName"":""Bank Artha Graha Cemara Asri Medan (KCP)"",""orgStructureStartDate"":null,""orgStructureEndDate"":null,""isOrgStructureDefault"":true,""orgStructureTag"":""V-1604913840056"",""orgStructureSKNumber"":"""",""orgStructureTPLStatus"":""ACTIVE"",""referenceOrgStructureTPLID"":""STR-770B8DA3""}]",ES-1604913661644,"",
275,[],co_secretary@ag.co.id,ES-1604908165846,,Bank Artha Graha Kopi (KCP),SUBCO-160490816584625,"0216900161","{""bizparKey"":""CORPTYPE-KCP"",""bizparStatus"":""ACTIVE"",""bizparValue"":""KCP"",""bizparCreationalDTO"":{""createdBy"":""SYSTEM"",""createdDate"":""19-01-2020 14:45:07"",""modifiedBy"":"""",""modifiedDate"":null},""bizparCategory"":""CORPORATE_TYPE""}",www.arthagraha.com,EMP-205,2020-11-09 14:14:58,EMP-205,2020-11-10 14:00:36,ACTIVE,"{""orgLegalDocumentID"":null,""orgLegalDocumentURL"":null}","[{""orgStructureTPLID"":""OS-1604908244434"",""orgStructureTPLName"":""Bank Artha Graha Kopi (KCP)"",""orgStructureStartDate"":null,""orgStructureEndDate"":null,""isOrgStructureDefault"":true,""orgStructureTag"":""V-1604908244434"",""orgStructureSKNumber"":"""",""orgStructureTPLStatus"":""ACTIVE"",""referenceOrgStructureTPLID"":""STR-1DD9CAF7""}]",ES-1604907481981,"",
274,[],co_secretary@ag.co.id,ES-1604907961671,,Bank Artha Graha Mangga Besar (KCP),SUBCO-160490796167101,"0216121944","{""bizparKey"":""CORPTYPE-KCP"",""bizparStatus"":""ACTIVE"",""bizparValue"":""KCP"",""bizparCreationalDTO"":{""createdBy"":""SYSTEM"",""createdDate"":""19-01-2020 14:45:07"",""modifiedBy"":"""",""modifiedDate"":null},""bizparCategory"":""CORPORATE_TYPE""}",www.arthagraha.com,EMP-205,2020-11-09 14:14:58,EMP-205,2020-11-10 14:00:36,ACTIVE,"{""orgLegalDocumentID"":null,""orgLegalDocumentURL"":null}","[{""orgStructureTPLID"":""OS-1604908061328"",""orgStructureTPLName"":""Bank Artha Graha Mangga Besar (KCP)"",""orgStructureStartDate"":null,""orgStructureEndDate"":null,""isOrgStructureDefault"":true,""orgStructureTag"":""V-1604908061328"",""orgStructureSKNumber"":"""",""orgStructureTPLStatus"":""ACTIVE"",""referenceOrgStructureTPLID"":""STR-C59CC1C0""}]",ES-1604907481981,"",
265,[],co_secretary@ag.co.id,ES-1604904475254,,Bank Artha Graha Tanah Abang (KCP),SUBCO-160490447525555,"02131905381","{""bizparKey"":""CORPTYPE-KCP"",""bizparStatus"":""ACTIVE"",""bizparValue"":""KCP"",""bizparCreationalDTO"":{""createdBy"":""SYSTEM"",""createdDate"":""19-01-2020 14:45:07"",""modifiedBy"":"""",""modifiedDate"":null},""bizparCategory"":""CORPORATE_TYPE""}",www.arthagraha.com,EMP-205,2020-11-09 11:22:34,EMP-205,2020-11-10 14:00:36,ACTIVE,"{""orgLegalDocumentID"":null,""orgLegalDocumentURL"":null}","[{""orgStructureTPLID"":""OS-1604904522909"",""orgStructureTPLName"":""Bank Artha Graha Tanah Abang (KCP)"",""orgStructureStartDate"":null,""orgStructureEndDate"":null,""isOrgStructureDefault"":true,""orgStructureTag"":""V-1604904522910"",""orgStructureSKNumber"":"""",""orgStructureTPLStatus"":""ACTIVE"",""referenceOrgStructureTPLID"":""STR-43C91331""}]",ES-1604896943206,"",
270,[],co_secretary@ag.co.id,ES-1604905842103,,Bank Artha Graha Cempaka Putih (KCP),SUBCO-160490584210442,"0214250229","{""bizparKey"":""CORPTYPE-KCP"",""bizparStatus"":""ACTIVE"",""bizparValue"":""KCP"",""bizparCreationalDTO"":{""createdBy"":""SYSTEM"",""createdDate"":""19-01-2020 14:45:07"",""modifiedBy"":"""",""modifiedDate"":null},""bizparCategory"":""CORPORATE_TYPE""}",www.arthagraha.com,EMP-205,2020-11-09 11:22:34,EMP-205,2020-11-10 14:00:36,ACTIVE,"{""orgLegalDocumentID"":null,""orgLegalDocumentURL"":null}","[{""orgStructureTPLID"":""OS-1604905900304"",""orgStructureTPLName"":""Bank Artha Graha Cempaka Putih (KCP)"",""orgStructureStartDate"":null,""orgStructureEndDate"":null,""isOrgStructureDefault"":true,""orgStructureTag"":""V-1604905900305"",""orgStructureSKNumber"":"""",""orgStructureTPLStatus"":""ACTIVE"",""referenceOrgStructureTPLID"":""STR-3544CEBC""}]",ES-1604904661469,"",
279,[],co_secretary@ag.co.id,ES-1604908640197,,Bank Artha Graha Green Ville (KCP),SUBCO-160490864019720,"0215605658","{""bizparKey"":""CORPTYPE-KCP"",""bizparStatus"":""ACTIVE"",""bizparValue"":""KCP"",""bizparCreationalDTO"":{""createdBy"":""SYSTEM"",""createdDate"":""19-01-2020 14:45:07"",""modifiedBy"":"""",""modifiedDate"":null},""bizparCategory"":""CORPORATE_TYPE""}",www.arthagraha.com,EMP-205,2020-11-09 14:14:58,EMP-205,2020-11-10 14:00:36,ACTIVE,"{""orgLegalDocumentID"":null,""orgLegalDocumentURL"":null}","[{""orgStructureTPLID"":""OS-1604908701405"",""orgStructureTPLName"":""Bank Artha Graha Green Ville (KCP)"",""orgStructureStartDate"":null,""orgStructureEndDate"":null,""isOrgStructureDefault"":true,""orgStructureTag"":""V-1604908701405"",""orgStructureSKNumber"":"""",""orgStructureTPLStatus"":""ACTIVE"",""referenceOrgStructureTPLID"":""STR-7E0E09E3""}]",ES-1604907481981,"",
277,[],co_secretary@ag.co.id,ES-1604908458852,,Bank Artha Graha Puri Indah (KCP),SUBCO-160490845885318,"02158304490","{""bizparKey"":""CORPTYPE-KCP"",""bizparStatus"":""ACTIVE"",""bizparValue"":""KCP"",""bizparCreationalDTO"":{""createdBy"":""SYSTEM"",""createdDate"":""19-01-2020 14:45:07"",""modifiedBy"":"""",""modifiedDate"":null},""bizparCategory"":""CORPORATE_TYPE""}",www.arthagraha.com,EMP-205,2020-11-09 14:14:58,EMP-205,2020-11-10 14:00:36,ACTIVE,"{""orgLegalDocumentID"":null,""orgLegalDocumentURL"":null}","[{""orgStructureTPLID"":""OS-1604908515191"",""orgStructureTPLName"":""Bank Artha Graha Puri Indah (KCP)"",""orgStructureStartDate"":null,""orgStructureEndDate"":null,""isOrgStructureDefault"":true,""orgStructureTag"":""V-1604908515191"",""orgStructureSKNumber"":"""",""orgStructureTPLStatus"":""ACTIVE"",""referenceOrgStructureTPLID"":""STR-9253C542""}]",ES-1604907481981,"",
276,[],co_secretary@ag.co.id,ES-1604908308947,,Bank artha Graha Mangga Dua Arteri (KCP),SUBCO-160490830894848,"0216254846","{""bizparKey"":""CORPTYPE-KCP"",""bizparStatus"":""ACTIVE"",""bizparValue"":""KCP"",""bizparCreationalDTO"":{""createdBy"":""SYSTEM"",""createdDate"":""19-01-2020 14:45:07"",""modifiedBy"":"""",""modifiedDate"":null},""bizparCategory"":""CORPORATE_TYPE""}",www.arthagraha.com,EMP-205,2020-11-09 14:14:58,EMP-205,2020-11-10 14:00:36,ACTIVE,"{""orgLegalDocumentID"":null,""orgLegalDocumentURL"":null}","[{""orgStructureTPLID"":""OS-1604908411329"",""orgStructureTPLName"":""Bank artha Graha Mangga Dua Arteri (KCP)"",""orgStructureStartDate"":null,""orgStructureEndDate"":null,""isOrgStructureDefault"":true,""orgStructureTag"":""V-1604908411329"",""orgStructureSKNumber"":"""",""orgStructureTPLStatus"":""ACTIVE"",""referenceOrgStructureTPLID"":""STR-8B8B7D31""}]",ES-1604907481981,"",
278,[],co_secretary@ag.co.id,ES-1604908555468,,Bank Artha Graha Taman Palem (KCP),SUBCO-160490855546855,"02155957801","{""bizparKey"":""CORPTYPE-KCP"",""bizparStatus"":""ACTIVE"",""bizparValue"":""KCP"",""bizparCreationalDTO"":{""createdBy"":""SYSTEM"",""createdDate"":""19-01-2020 14:45:07"",""modifiedBy"":"""",""modifiedDate"":null},""bizparCategory"":""CORPORATE_TYPE""}",www.arthagraha.com,EMP-205,2020-11-09 14:14:58,EMP-205,2020-11-10 14:00:36,ACTIVE,"{""orgLegalDocumentID"":null,""orgLegalDocumentURL"":null}","[{""orgStructureTPLID"":""OS-1604908601239"",""orgStructureTPLName"":""Bank Artha Graha Taman Palem (KCP)"",""orgStructureStartDate"":null,""orgStructureEndDate"":null,""isOrgStructureDefault"":true,""orgStructureTag"":""V-1604908601239"",""orgStructureSKNumber"":"""",""orgStructureTPLStatus"":""ACTIVE"",""referenceOrgStructureTPLID"":""STR-C954F01E""}]",ES-1604907481981,"",
248,[],string,ES-100,,PT TIGA DAYA DIGITAL INDONESIA 2,SUBCO-001,(021) 1234567,"{""bizparKey"":""CORPTYP-002"",""bizparStatus"":""ACTIVE"",""bizparValue"":""Head Office"",""bizparCreationalDTO"":{""createdBy"":""SYSTEM"",""createdDate"":""13-09-2019 03:48:22"",""modifiedBy"":""EMP-205"",""modifiedDate"":""14-01-2020 18:29:53""},""bizparCategory"":""CORPORATE_TYPE""}",www.eksad.co.id,SYSTEM,2019-01-01 12:00:00,SYSTEM,2019-01-01 13:00:00,INACTIVE,"{""orgLegalDocumentID"":""LD-001"",""orgLegalDocumentURL"":""orgLegalDocumentURL""}","[{""orgStructureTPLID"":null,""orgStructureTPLName"":""Bank Artha Graha Internasional"",""orgStructureStartDate"":null,""orgStructureEndDate"":null,""isOrgStructureDefault"":null,""orgStructureTag"":null,""orgStructureSKNumber"":null,""orgStructureTPLStatus"":""ACTIVE"",""referenceOrgStructureTPLID"":null}]",,EMP-545,
281,[],co_secretary@ag.co.id,ES-1604909358420,,Bank Artha Graha Mangga Dua Harco (KCP),SUBCO-160490935842018,"0216121944","{""bizparKey"":""CORPTYPE-KCP"",""bizparStatus"":""ACTIVE"",""bizparValue"":""KCP"",""bizparCreationalDTO"":{""createdBy"":""SYSTEM"",""createdDate"":""19-01-2020 14:45:07"",""modifiedBy"":"""",""modifiedDate"":null},""bizparCategory"":""CORPORATE_TYPE""}",www.arthagraha.com,EMP-205,2020-11-09 14:14:58,EMP-205,2020-11-10 14:00:36,ACTIVE,"{""orgLegalDocumentID"":null,""orgLegalDocumentURL"":null}","[{""orgStructureTPLID"":""OS-1604909483824"",""orgStructureTPLName"":""Bank Artha Graha Mangga Dua Harco (KCP)"",""orgStructureStartDate"":null,""orgStructureEndDate"":null,""isOrgStructureDefault"":true,""orgStructureTag"":""V-1604909483824"",""orgStructureSKNumber"":"""",""orgStructureTPLStatus"":""ACTIVE"",""referenceOrgStructureTPLID"":""STR-3D56FCBD""}]",ES-1604908974347,"",
285,[],co_secretary@ag.co.id,ES-1604910226106,,Bank Artha Graha Sunter (KCP),SUBCO-160491022610646,"0216401430","{""bizparKey"":""CORPTYPE-KCP"",""bizparStatus"":""ACTIVE"",""bizparValue"":""KCP"",""bizparCreationalDTO"":{""createdBy"":""SYSTEM"",""createdDate"":""19-01-2020 14:45:07"",""modifiedBy"":"""",""modifiedDate"":null},""bizparCategory"":""CORPORATE_TYPE""}",www.arthagraha.com,EMP-205,2020-11-09 14:46:28,EMP-205,2020-11-10 14:00:36,ACTIVE,"{""orgLegalDocumentID"":null,""orgLegalDocumentURL"":null}","[{""orgStructureTPLID"":""OS-1604910276454"",""orgStructureTPLName"":""Bank Artha Graha Sunter (KCP)"",""orgStructureStartDate"":null,""orgStructureEndDate"":null,""isOrgStructureDefault"":true,""orgStructureTag"":""V-1604910276455"",""orgStructureSKNumber"":"""",""orgStructureTPLStatus"":""ACTIVE"",""referenceOrgStructureTPLID"":""STR-F8DE8F17""}]",ES-1604908974347,"",
272,[],co_secretary@ag.co.id,ES-1604906989870,,Bank Artha Graha Wiladatika Cibubur (KCP),SUBCO-160490698987049,"02129060009","{""bizparKey"":""CORPTYPE-KCP"",""bizparStatus"":""ACTIVE"",""bizparValue"":""KCP"",""bizparCreationalDTO"":{""createdBy"":""SYSTEM"",""createdDate"":""19-01-2020 14:45:07"",""modifiedBy"":"""",""modifiedDate"":null},""bizparCategory"":""CORPORATE_TYPE""}",www.arthagraha.com,EMP-205,2020-11-09 14:14:58,EMP-205,2020-11-10 14:00:36,ACTIVE,"{""orgLegalDocumentID"":null,""orgLegalDocumentURL"":null}","[{""orgStructureTPLID"":""OS-1604907089877"",""orgStructureTPLName"":""Bank Artha Graha Wiladatika Cibubur (KCP)"",""orgStructureStartDate"":null,""orgStructureEndDate"":null,""isOrgStructureDefault"":true,""orgStructureTag"":""V-1604907089877"",""orgStructureSKNumber"":"""",""orgStructureTPLStatus"":""ACTIVE"",""referenceOrgStructureTPLID"":""STR-9DB4EF32""}]",ES-1604904661469,"",
286,[],co_secretary@ag.co.id,ES-1604910303163,,Bank Artha Graha PIK - Tzu Chi (KK),SUBCO-160491030316303,"02129316391","{""bizparKey"":""CORPTYPE-KK"",""bizparStatus"":""ACTIVE"",""bizparValue"":""KK"",""bizparCreationalDTO"":{""createdBy"":""SYSTEM"",""createdDate"":""19-01-2020 14:45:07"",""modifiedBy"":"""",""modifiedDate"":null},""bizparCategory"":""CORPORATE_TYPE""}",www.arthagraha.com,EMP-205,2020-11-09 14:46:28,EMP-205,2020-11-10 14:00:36,ACTIVE,"{""orgLegalDocumentID"":null,""orgLegalDocumentURL"":null}","[{""orgStructureTPLID"":""OS-1604910388157"",""orgStructureTPLName"":""Bank Artha Graha PIK - Tzu Chi (KK)"",""orgStructureStartDate"":null,""orgStructureEndDate"":null,""isOrgStructureDefault"":true,""orgStructureTag"":""V-1604910388157"",""orgStructureSKNumber"":"""",""orgStructureTPLStatus"":""ACTIVE"",""referenceOrgStructureTPLID"":""STR-4261C557""}]",ES-1604908974347,"",
284,[],co_secretary@ag.co.id,ES-1604910068228,,Bank Artha Graha Kelapa Gading Boulevard (KCP),SUBCO-160491006822808,"0214508927","{""bizparKey"":""CORPTYPE-KCP"",""bizparStatus"":""ACTIVE"",""bizparValue"":""KCP"",""bizparCreationalDTO"":{""createdBy"":""SYSTEM"",""createdDate"":""19-01-2020 14:45:07"",""modifiedBy"":"""",""modifiedDate"":null},""bizparCategory"":""CORPORATE_TYPE""}",www.arthagraha.com,EMP-205,2020-11-09 14:46:28,EMP-205,2020-11-10 14:00:36,ACTIVE,"{""orgLegalDocumentID"":null,""orgLegalDocumentURL"":null}","[{""orgStructureTPLID"":""OS-1604910121182"",""orgStructureTPLName"":""Bank Artha Graha Kelapa Gading Boulevard (KCP)"",""orgStructureStartDate"":null,""orgStructureEndDate"":null,""isOrgStructureDefault"":true,""orgStructureTag"":""V-1604910121182"",""orgStructureSKNumber"":"""",""orgStructureTPLStatus"":""ACTIVE"",""referenceOrgStructureTPLID"":""STR-1495DEAD""}]",ES-1604908974347,"",
254,[],"",ES-1604890793920,,Bank Artha Graha Sudirman (KPNO),SUBCO-160489079392053,"0215152168","{""bizparKey"":""CORPTYP-002"",""bizparStatus"":""ACTIVE"",""bizparValue"":""HO"",""bizparCreationalDTO"":{""createdBy"":""SYSTEM"",""createdDate"":""13-09-2019 03:48:22"",""modifiedBy"":null,""modifiedDate"":null},""bizparCategory"":""CORPORATE_TYPE""}","",EMP-205,2020-11-09 09:08:03,SYSTEM,,ACTIVE,"{""orgLegalDocumentID"":null,""orgLegalDocumentURL"":null}","[{""orgStructureTPLID"":""OS-1606266828879"",""orgStructureTPLName"":""Bank Artha Graha Sudirman (KPNO)"",""orgStructureStartDate"":null,""orgStructureEndDate"":null,""isOrgStructureDefault"":true,""orgStructureTag"":""V-1606266828879"",""orgStructureSKNumber"":"""",""orgStructureTPLStatus"":""ACTIVE"",""referenceOrgStructureTPLID"":""STR-F5B4D7DE""}]","","","{""taxOfficeID"":null,""taxOfficeName"":null,""taxOfficeZipCode"":null,""district"":null,""taxOfficeStatus"":null,""taxOfficeCreationalDTO"":null}"
332,[],"",ES-1606469296789,,CORPORATE TESTING,SUBCO-160646929678916,"02188920834","{""bizparKey"":""CORPTYPE-KCP"",""bizparStatus"":""ACTIVE"",""bizparValue"":""KCP"",""bizparCreationalDTO"":{""createdBy"":""EMP-205"",""createdDate"":""25-02-2020 13:11:26"",""modifiedBy"":""EMP-205"",""modifiedDate"":null},""bizparCategory"":""CORPORATE_TYPE""}","",EMP-105958,2020-11-27 16:25:09,,,ACTIVE,"{""orgLegalDocumentID"":null,""orgLegalDocumentURL"":""document/es_doc/ES_DOC_ES-1606469296789_Enterkomputer - Preview Simulasi ais.pdf""}",,ES-1604890793920,,"{""taxOfficeID"":""TAXOFF-1606446101288"",""taxOfficeName"":""TAX JAKARTA TIMUR"",""taxOfficeZipCode"":17432,""district"":{""kabkotID"":""3172"",""kabkotName"":""KOTA ADM. JAKARTA TIMUR"",""setkecamatan"":[{""kecamatanID"":""317207"",""kecamatanName"":""DUREN SAWIT"",""zipCode"":"""",""setkelurahanDTOs"":[{""kelurahanID"":""3172070007"",""kelurahanName"":""PONDOK KOPI"",""subZipcode"":""145569"",""kelurahanStatus"":""ACTIVE"",""kelurahanCreationalDTO"":{""createdBy"":""SYSTEM"",""createdDate"":""03-07-2019 20:13:21"",""modifiedBy"":""SYSTEM"",""modifiedDate"":""24-05-2019 21:10:19""}},{""kelurahanID"":""3172070001"",""kelurahanName"":""DUREN SAWIT"",""subZipcode"":""145563"",""kelurahanStatus"":""ACTIVE"",""kelurahanCreationalDTO"":{""createdBy"":""SYSTEM"",""createdDate"":""03-07-2019 20:13:15"",""modifiedBy"":""SYSTEM"",""modifiedDate"":""24-05-2019 21:10:13""}},{""kelurahanID"":""3172070005"",""kelurahanName"":""MALAKA SARI"",""subZipcode"":""145567"",""kelurahanStatus"":""ACTIVE"",""kelurahanCreationalDTO"":{""createdBy"":""SYSTEM"",""createdDate"":""03-07-2019 20:13:19"",""modifiedBy"":""SYSTEM"",""modifiedDate"":""24-05-2019 21:10:17""}},{""kelurahanID"":""3172070002"",""kelurahanName"":""PONDOK BAMBU"",""subZipcode"":""145564"",""kelurahanStatus"":""ACTIVE"",""kelurahanCreationalDTO"":{""createdBy"":""SYSTEM"",""createdDate"":""03-07-2019 20:13:16"",""modifiedBy"":""SYSTEM"",""modifiedDate"":""24-05-2019 21:10:14""}},{""kelurahanID"":""3172070003"",""kelurahanName"":""KLENDER"",""subZipcode"":""145565"",""kelurahanStatus"":""ACTIVE"",""kelurahanCreationalDTO"":{""createdBy"":""SYSTEM"",""createdDate"":""03-07-2019 20:13:17"",""modifiedBy"":""SYSTEM"",""modifiedDate"":""24-05-2019 21:10:15""}},{""kelurahanID"":""3172070006"",""kelurahanName"":""MALAKA JAYA"",""subZipcode"":""145568"",""kelurahanStatus"":""ACTIVE"",""kelurahanCreationalDTO"":{""createdBy"":""SYSTEM"",""createdDate"":""03-07-2019 20:13:20"",""modifiedBy"":""SYSTEM"",""modifiedDate"":""24-05-2019 21:10:18""}},{""kelurahanID"":""3172070004"",""kelurahanName"":""PONDOK KELAPA"",""subZipcode"":""145566"",""kelurahanStatus"":""ACTIVE"",""kelurahanCreationalDTO"":{""createdBy"":""SYSTEM"",""createdDate"":""03-07-2019 20:13:18"",""modifiedBy"":""SYSTEM"",""modifiedDate"":""24-05-2019 21:10:16""}}],""kecamatanStatus"":""ACTIVE"",""kecamatanCreationalDTO"":{""createdBy"":""SYSTEM"",""createdDate"":""17-11-2023 19:08:09"",""modifiedBy"":""SYSTEM"",""modifiedDate"":""17-11-2023 19:08:09""}},{""kecamatanID"":""317203"",""kecamatanName"":""JATINEGARA"",""zipCode"":"""",""setkelurahanDTOs"":[{""kelurahanID"":""3172030005"",""kelurahanName"":""CIPINANG CEMPEDAK"",""subZipcode"":""145539"",""kelurahanStatus"":""ACTIVE"",""kelurahanCreationalDTO"":{""createdBy"":""SYSTEM"",""createdDate"":""03-07-2019 20:12:51"",""modifiedBy"":""SYSTEM"",""modifiedDate"":""24-05-2019 21:09:49""}},{""kelurahanID"":""3172030008"",""kelurahanName"":""CIPINANG BESAR UTARA"",""subZipcode"":""145542"",""kelurahanStatus"":""ACTIVE"",""kelurahanCreationalDTO"":{""createdBy"":""SYSTEM"",""createdDate"":""03-07-2019 20:12:54"",""modifiedBy"":""SYSTEM"",""modifiedDate"":""24-05-2019 21:09:52""}},{""kelurahanID"":""3172030002"",""kelurahanName"":""BIDARA CINA"",""subZipcode"":""145536"",""kelurahanStatus"":""ACTIVE"",""kelurahanCreationalDTO"":{""createdBy"":""SYSTEM"",""createdDate"":""03-07-2019 20:12:48"",""modifiedBy"":""SYSTEM"",""modifiedDate"":""24-05-2019 21:09:46""}},{""kelurahanID"":""3172030001"",""kelurahanName"":""KAMPUNG MELAYU"",""subZipcode"":""145535"",""kelurahanStatus"":""ACTIVE"",""kelurahanCreationalDTO"":{""createdBy"":""SYSTEM"",""createdDate"":""03-07-2019 20:12:47"",""modifiedBy"":""SYSTEM"",""modifiedDate"":""24-05-2019 21:09:45""}},{""kelurahanID"":""3172030004"",""kelurahanName"":""RAWA BUNGA"",""subZipcode"":""145538"",""kelurahanStatus"":""ACTIVE"",""kelurahanCreationalDTO"":{""createdBy"":""SYSTEM"",""createdDate"":""03-07-2019 20:12:50"",""modifiedBy"":""SYSTEM"",""modifiedDate"":""24-05-2019 21:09:48""}},{""kelurahanID"":""3172030006"",""kelurahanName"":""CIPINANG MUARA"",""subZipcode"":""145540"",""kelurahanStatus"":""ACTIVE"",""kelurahanCreationalDTO"":{""createdBy"":""SYSTEM"",""createdDate"":""03-07-2019 20:12:52"",""modifiedBy"":""SYSTEM"",""modifiedDate"":""24-05-2019 21:09:50""}},{""kelurahanID"":""3172030007"",""kelurahanName"":""CIPINANG BESAR SELATAN"",""subZipcode"":""145541"",""kelurahanStatus"":""ACTIVE"",""kelurahanCreationalDTO"":{""createdBy"":""SYSTEM"",""createdDate"":""03-07-2019 20:12:53"",""modifiedBy"":""SYSTEM"",""modifiedDate"":""24-05-2019 21:09:51""}},{""kelurahanID"":""3172030003"",""kelurahanName"":""BALI MESTER"",""subZipcode"":""145537"",""kelurahanStatus"":""ACTIVE"",""kelurahanCreationalDTO"":{""createdBy"":""SYSTEM"",""createdDate"":""03-07-2019 20:12:49"",""modifiedBy"":""SYSTEM"",""modifiedDate"":""24-05-2019 21:09:47""}}],""kecamatanStatus"":""ACTIVE"",""kecamatanCreationalDTO"":{""createdBy"":""SYSTEM"",""createdDate"":""13-11-2023 19:08:09"",""modifiedBy"":""SYSTEM"",""modifiedDate"":""13-11-2023 19:08:09""}},{""kecamatanID"":""317206"",""kecamatanName"":""CAKUNG"",""zipCode"":"""",""setkelurahanDTOs"":[{""kelurahanID"":""3172060002"",""kelurahanName"":""RAWA TERATE"",""subZipcode"":""145557"",""kelurahanStatus"":""ACTIVE"",""kelurahanCreationalDTO"":{""createdBy"":""SYSTEM"",""createdDate"":""03-07-2019 20:13:09"",""modifiedBy"":""SYSTEM"",""modifiedDate"":""24-05-2019 21:10:07""}},{""kelurahanID"":""3172060001"",""kelurahanName"":""JATINEGARA"",""subZipcode"":""145556"",""kelurahanStatus"":""ACTIVE"",""kelurahanCreationalDTO"":{""createdBy"":""SYSTEM"",""createdDate"":""03-07-2019 20:13:08"",""modifiedBy"":""SYSTEM"",""modifiedDate"":""24-05-2019 21:10:06""}},{""kelurahanID"":""3172060004"",""kelurahanName"":""CAKUNG TIMUR"",""subZipcode"":""145559"",""kelurahanStatus"":""ACTIVE"",""kelurahanCreationalDTO"":{""createdBy"":""SYSTEM"",""createdDate"":""03-07-2019 20:13:11"",""modifiedBy"":""SYSTEM"",""modifiedDate"":""24-05-2019 21:10:09""}},{""kelurahanID"":""3172060003"",""kelurahanName"":""PENGGILINGAN"",""subZipcode"":""145558"",""kelurahanStatus"":""ACTIVE"",""kelurahanCreationalDTO"":{""createdBy"":""SYSTEM"",""createdDate"":""03-07-2019 20:13:10"",""modifiedBy"":""SYSTEM"",""modifiedDate"":""24-05-2019 21:10:08""}},{""kelurahanID"":""3172060006"",""kelurahanName"":""UJUNG MENTENG"",""subZipcode"":""145561"",""kelurahanStatus"":""ACTIVE"",""kelurahanCreationalDTO"":{""createdBy"":""SYSTEM"",""createdDate"":""03-07-2019 20:13:13"",""modifiedBy"":""SYSTEM"",""modifiedDate"":""24-05-2019 21:10:11""}},{""kelurahanID"":""3172060005"",""kelurahanName"":""PULO GEBANG"",""subZipcode"":""145560"",""kelurahanStatus"":""ACTIVE"",""kelurahanCreationalDTO"":{""createdBy"":""SYSTEM"",""createdDate"":""03-07-2019 20:13:12"",""modifiedBy"":""SYSTEM"",""modifiedDate"":""24-05-2019 21:10:10""}},{""kelurahanID"":""3172060007"",""kelurahanName"":""CAKUNG BARAT"",""subZipcode"":""145562"",""kelurahanStatus"":""ACTIVE"",""kelurahanCreationalDTO"":{""createdBy"":""SYSTEM"",""createdDate"":""03-07-2019 20:13:14"",""modifiedBy"":""SYSTEM"",""modifiedDate"":""24-05-2019 21:10:12""}}],""kecamatanStatus"":""ACTIVE"",""kecamatanCreationalDTO"":{""createdBy"":""SYSTEM"",""createdDate"":""16-11-2023 19:08:09"",""modifiedBy"":""SYSTEM"",""modifiedDate"":""16-11-2023 19:08:09""}},{""kecamatanID"":""317202"",""kecamatanName"":""PULOGADUNG"",""zipCode"":"""",""setkelurahanDTOs"":[{""kelurahanID"":""3172020006"",""kelurahanName"":""KAYU PUTIH"",""subZipcode"":""145533"",""kelurahanStatus"":""ACTIVE"",""kelurahanCreationalDTO"":{""createdBy"":""SYSTEM"",""createdDate"":""03-07-2019 20:12:45"",""modifiedBy"":""SYSTEM"",""modifiedDate"":""24-05-2019 21:09:43""}},{""kelurahanID"":""3172020002"",""kelurahanName"":""PISANGAN TIMUR"",""subZipcode"":""145529"",""kelurahanStatus"":""ACTIVE"",""kelurahanCreationalDTO"":{""createdBy"":""SYSTEM"",""createdDate"":""03-07-2019 20:12:41"",""modifiedBy"":""SYSTEM"",""modifiedDate"":""24-05-2019 21:09:39""}},{""kelurahanID"":""3172020004"",""kelurahanName"":""JATINEGARA KAUM"",""subZipcode"":""145531"",""kelurahanStatus"":""ACTIVE"",""kelurahanCreationalDTO"":{""createdBy"":""SYSTEM"",""createdDate"":""03-07-2019 20:12:43"",""modifiedBy"":""SYSTEM"",""modifiedDate"":""24-05-2019 21:09:41""}},{""kelurahanID"":""3172020003"",""kelurahanName"":""CIPINANG"",""subZipcode"":""145530"",""kelurahanStatus"":""ACTIVE"",""kelurahanCreationalDTO"":{""createdBy"":""SYSTEM"",""createdDate"":""03-07-2019 20:12:42"",""modifiedBy"":""SYSTEM"",""modifiedDate"":""24-05-2019 21:09:40""}},{""kelurahanID"":""3172020005"",""kelurahanName"":""RAWAMANGUN"",""subZipcode"":""145532"",""kelurahanStatus"":""ACTIVE"",""kelurahanCreationalDTO"":{""createdBy"":""SYSTEM"",""createdDate"":""03-07-2019 20:12:44"",""modifiedBy"":""SYSTEM"",""modifiedDate"":""24-05-2019 21:09:42""}},{""kelurahanID"":""3172020001"",""kelurahanName"":""PULO GADUNG"",""subZipcode"":""145528"",""kelurahanStatus"":""ACTIVE"",""kelurahanCreationalDTO"":{""createdBy"":""SYSTEM"",""createdDate"":""03-07-2019 20:12:40"",""modifiedBy"":""SYSTEM"",""modifiedDate"":""24-05-2019 21:09:38""}},{""kelurahanID"":""3172020007"",""kelurahanName"":""JATI"",""subZipcode"":""145534"",""kelurahanStatus"":""ACTIVE"",""kelurahanCreationalDTO"":{""createdBy"":""SYSTEM"",""createdDate"":""03-07-2019 20:12:46"",""modifiedBy"":""SYSTEM"",""modifiedDate"":""24-05-2019 21:09:44""}}],""kecamatanStatus"":""ACTIVE"",""kecamatanCreationalDTO"":{""createdBy"":""SYSTEM"",""createdDate"":""12-11-2023 19:08:09"",""modifiedBy"":""SYSTEM"",""modifiedDate"":""12-11-2023 19:08:09""}},{""kecamatanID"":""317204"",""kecamatanName"":""KRAMATJATI"",""zipCode"":"""",""setkelurahanDTOs"":[{""kelurahanID"":""3172040002"",""kelurahanName"":""TENGAH"",""subZipcode"":""145544"",""kelurahanStatus"":""ACTIVE"",""kelurahanCreationalDTO"":{""createdBy"":""SYSTEM"",""createdDate"":""03-07-2019 20:12:56"",""modifiedBy"":""SYSTEM"",""modifiedDate"":""24-05-2019 21:09:54""}},{""kelurahanID"":""3172040005"",""kelurahanName"":""BALEKAMBANG"",""subZipcode"":""145547"",""kelurahanStatus"":""ACTIVE"",""kelurahanCreationalDTO"":{""createdBy"":""SYSTEM"",""createdDate"":""03-07-2019 20:12:59"",""modifiedBy"":""SYSTEM"",""modifiedDate"":""24-05-2019 21:09:57""}},{""kelurahanID"":""3172040004"",""kelurahanName"":""BATU AMPAR"",""subZipcode"":""145546"",""kelurahanStatus"":""ACTIVE"",""kelurahanCreationalDTO"":{""createdBy"":""SYSTEM"",""createdDate"":""03-07-2019 20:12:58"",""modifiedBy"":""SYSTEM"",""modifiedDate"":""24-05-2019 21:09:56""}},{""kelurahanID"":""3172040007"",""kelurahanName"":""CAWANG"",""subZipcode"":""145549"",""kelurahanStatus"":""ACTIVE"",""kelurahanCreationalDTO"":{""createdBy"":""SYSTEM"",""createdDate"":""03-07-2019 20:13:01"",""modifiedBy"":""SYSTEM"",""modifiedDate"":""24-05-2019 21:09:59""}},{""kelurahanID"":""3172040008"",""kelurahanName"":""KAMPUNG TENGAH"",""subZipcode"":""145550"",""kelurahanStatus"":""ACTIVE"",""kelurahanCreationalDTO"":{""createdBy"":""SYSTEM"",""createdDate"":""03-07-2019 20:13:02"",""modifiedBy"":""SYSTEM"",""modifiedDate"":""24-05-2019 21:10:00""}},{""kelurahanID"":""3172040001"",""kelurahanName"":""KRAMATJATI"",""subZipcode"":""145543"",""kelurahanStatus"":""ACTIVE"",""kelurahanCreationalDTO"":{""createdBy"":""SYSTEM"",""createdDate"":""03-07-2019 20:12:55"",""modifiedBy"":""SYSTEM"",""modifiedDate"":""24-05-2019 21:09:53""}},{""kelurahanID"":""3172040003"",""kelurahanName"":""DUKUH"",""subZipcode"":""145545"",""kelurahanStatus"":""ACTIVE"",""kelurahanCreationalDTO"":{""createdBy"":""SYSTEM"",""createdDate"":""03-07-2019 20:12:57"",""modifiedBy"":""SYSTEM"",""modifiedDate"":""24-05-2019 21:09:55""}},{""kelurahanID"":""3172040006"",""kelurahanName"":""CILILITAN"",""subZipcode"":""145548"",""kelurahanStatus"":""ACTIVE"",""kelurahanCreationalDTO"":{""createdBy"":""SYSTEM"",""createdDate"":""03-07-2019 20:13:00"",""modifiedBy"":""SYSTEM"",""modifiedDate"":""24-05-2019 21:09:58""}}],""kecamatanStatus"":""ACTIVE"",""kecamatanCreationalDTO"":{""createdBy"":""SYSTEM"",""createdDate"":""14-11-2023 19:08:09"",""modifiedBy"":""SYSTEM"",""modifiedDate"":""14-11-2023 19:08:09""}},{""kecamatanID"":""317201"",""kecamatanName"":""MATRAMAN"",""zipCode"":"""",""setkelurahanDTOs"":[{""kelurahanID"":""3172010004"",""kelurahanName"":""PALMERIAM"",""subZipcode"":""145525"",""kelurahanStatus"":""ACTIVE"",""kelurahanCreationalDTO"":{""createdBy"":""SYSTEM"",""createdDate"":""03-07-2019 20:12:37"",""modifiedBy"":""SYSTEM"",""modifiedDate"":""24-05-2019 21:09:35""}},{""kelurahanID"":""3172010005"",""kelurahanName"":""KEBON MANGGIS"",""subZipcode"":""145526"",""kelurahanStatus"":""ACTIVE"",""kelurahanCreationalDTO"":{""createdBy"":""SYSTEM"",""createdDate"":""03-07-2019 20:12:38"",""modifiedBy"":""SYSTEM"",""modifiedDate"":""24-05-2019 21:09:36""}},{""kelurahanID"":""3172010003"",""kelurahanName"":""KAYU MANIS"",""subZipcode"":""145524"",""kelurahanStatus"":""ACTIVE"",""kelurahanCreationalDTO"":{""createdBy"":""SYSTEM"",""createdDate"":""03-07-2019 20:12:36"",""modifiedBy"":""SYSTEM"",""modifiedDate"":""24-05-2019 21:09:34""}},{""kelurahanID"":""3172010006"",""kelurahanName"":""UTAN KAYU SELATAN"",""subZipcode"":""145527"",""kelurahanStatus"":""ACTIVE"",""kelurahanCreationalDTO"":{""createdBy"":""SYSTEM"",""createdDate"":""03-07-2019 20:12:39"",""modifiedBy"":""SYSTEM"",""modifiedDate"":""24-05-2019 21:09:37""}},{""kelurahanID"":""3172010002"",""kelurahanName"":""UTAN KAYU UTARA"",""subZipcode"":""145523"",""kelurahanStatus"":""ACTIVE"",""kelurahanCreationalDTO"":{""createdBy"":""SYSTEM"",""createdDate"":""03-07-2019 20:12:35"",""modifiedBy"":""SYSTEM"",""modifiedDate"":""24-05-2019 21:09:33""}},{""kelurahanID"":""3172010001"",""kelurahanName"":""PISANGAN BARU"",""subZipcode"":""145522"",""kelurahanStatus"":""ACTIVE"",""kelurahanCreationalDTO"":{""createdBy"":""SYSTEM"",""createdDate"":""03-07-2019 20:12:34"",""modifiedBy"":""SYSTEM"",""modifiedDate"":""24-05-2019 21:09:32""}}],""kecamatanStatus"":""ACTIVE"",""kecamatanCreationalDTO"":{""createdBy"":""SYSTEM"",""createdDate"":""11-11-2023 19:08:09"",""modifiedBy"":""SYSTEM"",""modifiedDate"":""11-11-2023 19:08:09""}},{""kecamatanID"":""317209"",""kecamatanName"":""CIRACAS"",""zipCode"":"""",""setkelurahanDTOs"":[{""kelurahanID"":""3172090001"",""kelurahanName"":""CIRACAS"",""subZipcode"":""145576"",""kelurahanStatus"":""ACTIVE"",""kelurahanCreationalDTO"":{""createdBy"":""SYSTEM"",""createdDate"":""03-07-2019 20:13:28"",""modifiedBy"":""SYSTEM"",""modifiedDate"":""24-05-2019 21:10:26""}},{""kelurahanID"":""3172090002"",""kelurahanName"":""CIBUBUR"",""subZipcode"":""145577"",""kelurahanStatus"":""ACTIVE"",""kelurahanCreationalDTO"":{""createdBy"":""SYSTEM"",""createdDate"":""03-07-2019 20:13:29"",""modifiedBy"":""SYSTEM"",""modifiedDate"":""24-05-2019 21:10:27""}},{""kelurahanID"":""3172090003"",""kelurahanName"":""KELAPA DUA WETAN"",""subZipcode"":""145578"",""kelurahanStatus"":""ACTIVE"",""kelurahanCreationalDTO"":{""createdBy"":""SYSTEM"",""createdDate"":""03-07-2019 20:13:30"",""modifiedBy"":""SYSTEM"",""modifiedDate"":""24-05-2019 21:10:28""}},{""kelurahanID"":""3172090005"",""kelurahanName"":""RAMBUTAN"",""subZipcode"":""145580"",""kelurahanStatus"":""ACTIVE"",""kelurahanCreationalDTO"":{""createdBy"":""SYSTEM"",""createdDate"":""03-07-2019 20:13:32"",""modifiedBy"":""SYSTEM"",""modifiedDate"":""24-05-2019 21:10:30""}},{""kelurahanID"":""3172090004"",""kelurahanName"":""SUSUKAN"",""subZipcode"":""145579"",""kelurahanStatus"":""ACTIVE"",""kelurahanCreationalDTO"":{""createdBy"":""SYSTEM"",""createdDate"":""03-07-2019 20:13:31"",""modifiedBy"":""SYSTEM"",""modifiedDate"":""24-05-2019 21:10:29""}}],""kecamatanStatus"":""ACTIVE"",""kecamatanCreationalDTO"":{""createdBy"":""SYSTEM"",""createdDate"":""19-11-2023 19:08:09"",""modifiedBy"":""SYSTEM"",""modifiedDate"":""19-11-2023 19:08:09""}},{""kecamatanID"":""317208"",""kecamatanName"":""MAKASAR"",""zipCode"":"""",""setkelurahanDTOs"":[{""kelurahanID"":""3172080005"",""kelurahanName"":""CIPINANG MELAYU"",""subZipcode"":""145574"",""kelurahanStatus"":""ACTIVE"",""kelurahanCreationalDTO"":{""createdBy"":""SYSTEM"",""createdDate"":""03-07-2019 20:13:26"",""modifiedBy"":""SYSTEM"",""modifiedDate"":""24-05-2019 21:10:24""}},{""kelurahanID"":""3172080003"",""kelurahanName"":""KEBON PALA"",""subZipcode"":""145572"",""kelurahanStatus"":""ACTIVE"",""kelurahanCreationalDTO"":{""createdBy"":""SYSTEM"",""createdDate"":""03-07-2019 20:13:24"",""modifiedBy"":""SYSTEM"",""modifiedDate"":""24-05-2019 21:10:22""}},{""kelurahanID"":""3172080001"",""kelurahanName"":""MAKASAR"",""subZipcode"":""145570"",""kelurahanStatus"":""ACTIVE"",""kelurahanCreationalDTO"":{""createdBy"":""SYSTEM"",""createdDate"":""03-07-2019 20:13:22"",""modifiedBy"":""SYSTEM"",""modifiedDate"":""24-05-2019 21:10:20""}},{""kelurahanID"":""3172080006"",""kelurahanName"":""HALIM PERDANA KUSUMAH"",""subZipcode"":""145575"",""kelurahanStatus"":""ACTIVE"",""kelurahanCreationalDTO"":{""createdBy"":""SYSTEM"",""createdDate"":""03-07-2019 20:13:27"",""modifiedBy"":""SYSTEM"",""modifiedDate"":""24-05-2019 21:10:25""}},{""kelurahanID"":""3172080002"",""kelurahanName"":""PINANGRANTI"",""subZipcode"":""145571"",""kelurahanStatus"":""ACTIVE"",""kelurahanCreationalDTO"":{""createdBy"":""SYSTEM"",""createdDate"":""03-07-2019 20:13:23"",""modifiedBy"":""SYSTEM"",""modifiedDate"":""24-05-2019 21:10:21""}},{""kelurahanID"":""3172080004"",""kelurahanName"":""HALIM PERDANA KUSUMA"",""subZipcode"":""145573"",""kelurahanStatus"":""ACTIVE"",""kelurahanCreationalDTO"":{""createdBy"":""SYSTEM"",""createdDate"":""03-07-2019 20:13:25"",""modifiedBy"":""SYSTEM"",""modifiedDate"":""24-05-2019 21:10:23""}}],""kecamatanStatus"":""ACTIVE"",""kecamatanCreationalDTO"":{""createdBy"":""SYSTEM"",""createdDate"":""18-11-2023 19:08:09"",""modifiedBy"":""SYSTEM"",""modifiedDate"":""18-11-2023 19:08:09""}},{""kecamatanID"":""317210"",""kecamatanName"":""CIPAYUNG"",""zipCode"":"""",""setkelurahanDTOs"":[{""kelurahanID"":""3172100003"",""kelurahanName"":""PONDOK RANGGON"",""subZipcode"":""145583"",""kelurahanStatus"":""ACTIVE"",""kelurahanCreationalDTO"":{""createdBy"":""SYSTEM"",""createdDate"":""03-07-2019 20:13:35"",""modifiedBy"":""SYSTEM"",""modifiedDate"":""24-05-2019 21:10:33""}},{""kelurahanID"":""3172100004"",""kelurahanName"":""MUNJUL"",""subZipcode"":""145584"",""kelurahanStatus"":""ACTIVE"",""kelurahanCreationalDTO"":{""createdBy"":""SYSTEM"",""createdDate"":""03-07-2019 20:13:36"",""modifiedBy"":""SYSTEM"",""modifiedDate"":""24-05-2019 21:10:34""}},{""kelurahanID"":""3172100005"",""kelurahanName"":""SETU"",""subZipcode"":""145585"",""kelurahanStatus"":""ACTIVE"",""kelurahanCreationalDTO"":{""createdBy"":""SYSTEM"",""createdDate"":""03-07-2019 20:13:37"",""modifiedBy"":""SYSTEM"",""modifiedDate"":""24-05-2019 21:10:35""}},{""kelurahanID"":""3172100002"",""kelurahanName"":""CILANGKAP"",""subZipcode"":""145582"",""kelurahanStatus"":""ACTIVE"",""kelurahanCreationalDTO"":{""createdBy"":""SYSTEM"",""createdDate"":""03-07-2019 20:13:34"",""modifiedBy"":""SYSTEM"",""modifiedDate"":""24-05-2019 21:10:32""}},{""kelurahanID"":""3172100001"",""kelurahanName"":""CIPAYUNG"",""subZipcode"":""145581"",""kelurahanStatus"":""ACTIVE"",""kelurahanCreationalDTO"":{""createdBy"":""SYSTEM"",""createdDate"":""03-07-2019 20:13:33"",""modifiedBy"":""SYSTEM"",""modifiedDate"":""24-05-2019 21:10:31""}},{""kelurahanID"":""3172100006"",""kelurahanName"":""BAMBU APUS"",""subZipcode"":""145586"",""kelurahanStatus"":""ACTIVE"",""kelurahanCreationalDTO"":{""createdBy"":""SYSTEM"",""createdDate"":""03-07-2019 20:13:38"",""modifiedBy"":""SYSTEM"",""modifiedDate"":""24-05-2019 21:10:36""}},{""kelurahanID"":""3172100008"",""kelurahanName"":""CEGER"",""subZipcode"":""145588"",""kelurahanStatus"":""ACTIVE"",""kelurahanCreationalDTO"":{""createdBy"":""SYSTEM"",""createdDate"":""03-07-2019 20:13:40"",""modifiedBy"":""SYSTEM"",""modifiedDate"":""24-05-2019 21:10:38""}},{""kelurahanID"":""3172100007"",""kelurahanName"":""LUBANG BUAYA"",""subZipcode"":""145587"",""kelurahanStatus"":""ACTIVE"",""kelurahanCreationalDTO"":{""createdBy"":""SYSTEM"",""createdDate"":""03-07-2019 20:13:39"",""modifiedBy"":""SYSTEM"",""modifiedDate"":""24-05-2019 21:10:37""}}],""kecamatanStatus"":""ACTIVE"",""kecamatanCreationalDTO"":{""createdBy"":""SYSTEM"",""createdDate"":""20-11-2023 19:08:09"",""modifiedBy"":""SYSTEM"",""modifiedDate"":""20-11-2023 19:08:09""}},{""kecamatanID"":""317205"",""kecamatanName"":""PASAR REBO"",""zipCode"":"""",""setkelurahanDTOs"":[{""kelurahanID"":""3172050002"",""kelurahanName"":""BARU"",""subZipcode"":""145552"",""kelurahanStatus"":""ACTIVE"",""kelurahanCreationalDTO"":{""createdBy"":""SYSTEM"",""createdDate"":""03-07-2019 20:13:04"",""modifiedBy"":""SYSTEM"",""modifiedDate"":""24-05-2019 21:10:02""}},{""kelurahanID"":""3172050004"",""kelurahanName"":""KALISARI"",""subZipcode"":""145554"",""kelurahanStatus"":""ACTIVE"",""kelurahanCreationalDTO"":{""createdBy"":""SYSTEM"",""createdDate"":""03-07-2019 20:13:06"",""modifiedBy"":""SYSTEM"",""modifiedDate"":""24-05-2019 21:10:04""}},{""kelurahanID"":""3172050005"",""kelurahanName"":""PEKAYON"",""subZipcode"":""145555"",""kelurahanStatus"":""ACTIVE"",""kelurahanCreationalDTO"":{""createdBy"":""SYSTEM"",""createdDate"":""03-07-2019 20:13:07"",""modifiedBy"":""SYSTEM"",""modifiedDate"":""24-05-2019 21:10:05""}},{""kelurahanID"":""3172050003"",""kelurahanName"":""CIJANTUNG"",""subZipcode"":""145553"",""kelurahanStatus"":""ACTIVE"",""kelurahanCreationalDTO"":{""createdBy"":""SYSTEM"",""createdDate"":""03-07-2019 20:13:05"",""modifiedBy"":""SYSTEM"",""modifiedDate"":""24-05-2019 21:10:03""}},{""kelurahanID"":""3172050001"",""kelurahanName"":""GEDONG"",""subZipcode"":""145551"",""kelurahanStatus"":""ACTIVE"",""kelurahanCreationalDTO"":{""createdBy"":""SYSTEM"",""createdDate"":""03-07-2019 20:13:03"",""modifiedBy"":""SYSTEM"",""modifiedDate"":""24-05-2019 21:10:01""}}],""kecamatanStatus"":""ACTIVE"",""kecamatanCreationalDTO"":{""createdBy"":""SYSTEM"",""createdDate"":""15-11-2023 19:08:09"",""modifiedBy"":""SYSTEM"",""modifiedDate"":""15-11-2023 19:08:09""}}],""latitudeKabkot"":null,""longitudeKabkot"":null,""kabkotStatus"":""ACTIVE"",""kabkotCreationalDTO"":{""createdBy"":""SYSTEM"",""createdDate"":""05-08-2018 19:08:09"",""modifiedBy"":""SYSTEM"",""modifiedDate"":""05-08-2018 19:08:09""}},""taxOfficeStatus"":""ACTIVE"",""taxOfficeCreationalDTO"":{""createdBy"":""EMP-105958"",""createdDate"":""27-11-2020 10:01:41"",""modifiedBy"":null,""modifiedDate"":null}}"
252,[],string,ES-001,,PT TIGA DAYA DIGITAL INDONESIA,SUBCO-001,(021) 1234567,"{""bizparKey"":""CORPTYP-001"",""bizparStatus"":""ACTIVE"",""bizparValue"":""Head Office"",""bizparCreationalDTO"":{""createdBy"":""SYSTEM"",""createdDate"":""13-09-2019 10:48:22"",""modifiedBy"":""EMP-205"",""modifiedDate"":""15-01-2020 01:29:53""},""bizparCategory"":""CORPORATE_TYPE""}",www.eksad.co.id,SYSTEM,2019-01-01 05:00:00,SYSTEM,2019-01-01 06:00:00,ACTIVE,"{""orgLegalDocumentID"":""LD-001"",""orgLegalDocumentURL"":""orgLegalDocumentURL""}","[{""orgStructureTPLID"":""OS-001"",""orgStructureTPLName"":""Template 1"",""orgStructureStartDate"":""01-01-2019"",""orgStructureEndDate"":""31-12-2022"",""isOrgStructureDefault"":true,""orgStructureTag"":""v1"",""orgStructureSKNumber"":""string"",""orgStructureTPLStatus"":""ACTIVE"",""referenceOrgStructureTPLID"":""STR-001""}]",,EMP-545,
