id,bankaccounts,esemail,esid,esnpwpnumber,esname,essubcoid,estelpnumber,estype,eswebsite,createdby,createddate,modifiedby,modifieddate,esstatus,orglegaldocument,orgstructuretpl,parent,pic
282,[],,ES-1604909606678,,Bank Artha Graha Pluit (KCP),SUBCO-160490960667826,2166692222,"{""bizparKey"":""CORPTYPE-KCP"",""bizparStatus"":""ACTIVE"",""bizparValue"":""KCP"",""bizparCreationalDTO"":{""createdBy"":""SYSTEM"",""createdDate"":""19-01-2020 14:45:07"",""modifiedBy"":"""",""modifiedDate"":null},""bizparCategory"":""CORPORATE_TYPE""}",,EMP-205,11/9/2020 14:14,SYSTEM,,ACTIVE,"{""orgLegalDocumentID"":null,""orgLegalDocumentURL"":null}","[{""orgStructureTPLID"":""OS-1604909691066"",""orgStructureTPLName"":""Bank Artha Graha Pluit (KCP)"",""orgStructureStartDate"":null,""orgStructureEndDate"":null,""isOrgStructureDefault"":true,""orgStructureTag"":""V-1604909691067"",""orgStructureSKNumber"":"""",""orgStructureTPLStatus"":""ACTIVE"",""referenceOrgStructureTPLID"":""STR-69349AF4""}]",ES-1604908974347,
283,[],,ES-1604909720444,,Bank Artha Graha Pantai Indah Kapuk (KCP),SUBCO-160490972044520,215882622,"{""bizparKey"":""CORPTYPE-KCP"",""bizparStatus"":""ACTIVE"",""bizparValue"":""KCP"",""bizparCreationalDTO"":{""createdBy"":""SYSTEM"",""createdDate"":""19-01-2020 14:45:07"",""modifiedBy"":"""",""modifiedDate"":null},""bizparCategory"":""CORPORATE_TYPE""}",,EMP-205,11/9/2020 14:14,SYSTEM,,ACTIVE,"{""orgLegalDocumentID"":null,""orgLegalDocumentURL"":null}","[{""orgStructureTPLID"":""OS-1604909880803"",""orgStructureTPLName"":""Bank Artha Graha Pantai Indah Kapuk (KCP)"",""orgStructureStartDate"":null,""orgStructureEndDate"":null,""isOrgStructureDefault"":true,""orgStructureTag"":""V-1604909880803"",""orgStructureSKNumber"":"""",""orgStructureTPLStatus"":""ACTIVE"",""referenceOrgStructureTPLID"":""STR-3758F262""}]",ES-1604908974347,
289,[],,ES-1604910589439,,Bank Artha Graha Depok (KCP),SUBCO-160491058943949,217875154,"{""bizparKey"":""CORPTYPE-KCP"",""bizparStatus"":""ACTIVE"",""bizparValue"":""KCP"",""bizparCreationalDTO"":{""createdBy"":""SYSTEM"",""createdDate"":""19-01-2020 14:45:07"",""modifiedBy"":"""",""modifiedDate"":null},""bizparCategory"":""CORPORATE_TYPE""}",,EMP-205,11/9/2020 14:46,SYSTEM,,ACTIVE,"{""orgLegalDocumentID"":null,""orgLegalDocumentURL"":null}","[{""orgStructureTPLID"":""OS-1604910632176"",""orgStructureTPLName"":""Bank Artha Graha Depok (KCP)"",""orgStructureStartDate"":null,""orgStructureEndDate"":null,""isOrgStructureDefault"":true,""orgStructureTag"":""V-1604910632176"",""orgStructureSKNumber"":"""",""orgStructureTPLStatus"":""ACTIVE"",""referenceOrgStructureTPLID"":""STR-BE48AAD5""}]",ES-1604910523139,
254,[],,ES-1604890793920,,Bank Artha Graha Sudirman (KPNO),SUBCO-160489079392053,215152168,"{""bizparKey"":""CORPTYP-002"",""bizparStatus"":""ACTIVE"",""bizparValue"":""KPNO"",""bizparCreationalDTO"":{""createdBy"":""SYSTEM"",""createdDate"":""19-01-2020 14:45:07"",""modifiedBy"":"""",""modifiedDate"":null},""bizparCategory"":""CORPORATE_TYPE""}",,EMP-205,11/9/2020 9:08,SYSTEM,,ACTIVE,"{""orgLegalDocumentID"":null,""orgLegalDocumentURL"":null}","[{""orgStructureTPLID"":""OS-1604890923433"",""orgStructureTPLName"":""Bank Artha Graha Sudirman (KPNO)"",""orgStructureStartDate"":null,""orgStructureEndDate"":null,""isOrgStructureDefault"":true,""orgStructureTag"":""V-1604890923433"",""orgStructureSKNumber"":"""",""orgStructureTPLStatus"":""ACTIVE"",""referenceOrgStructureTPLID"":""STR-BD3297AA""}]",,
255,[],,ES-1604890991120,,Bank Artha Graha Sudirman (KPO),SUBCO-160489099112011,215152168,"{""bizparKey"":""CORPTYPE-KPO"",""bizparStatus"":""ACTIVE"",""bizparValue"":""KPO"",""bizparCreationalDTO"":{""createdBy"":""SYSTEM"",""createdDate"":""19-01-2020 14:45:07"",""modifiedBy"":"""",""modifiedDate"":null},""bizparCategory"":""CORPORATE_TYPE""}",,EMP-205,11/9/2020 9:08,SYSTEM,,ACTIVE,"{""orgLegalDocumentID"":null,""orgLegalDocumentURL"":null}","[{""orgStructureTPLID"":""OS-1604891031672"",""orgStructureTPLName"":""Bank Artha Graha Sudirman (KPO)"",""orgStructureStartDate"":null,""orgStructureEndDate"":null,""isOrgStructureDefault"":true,""orgStructureTag"":""V-1604891031673"",""orgStructureSKNumber"":"""",""orgStructureTPLStatus"":""ACTIVE"",""referenceOrgStructureTPLID"":""STR-A92AB41F""}]",ES-1604890793920,
287,[],,ES-1604910416799,,Bank Artha Graha City Home MOI (KK),SUBCO-160491041679956,2145870100,"{""bizparKey"":""CORPTYPE-KK"",""bizparStatus"":""ACTIVE"",""bizparValue"":""KK"",""bizparCreationalDTO"":{""createdBy"":""SYSTEM"",""createdDate"":""19-01-2020 14:45:07"",""modifiedBy"":"""",""modifiedDate"":null},""bizparCategory"":""CORPORATE_TYPE""}",,EMP-205,11/9/2020 14:46,SYSTEM,,ACTIVE,"{""orgLegalDocumentID"":null,""orgLegalDocumentURL"":null}","[{""orgStructureTPLID"":""OS-1604910477174"",""orgStructureTPLName"":""Bank Artha Graha City Home MOI (KK)"",""orgStructureStartDate"":null,""orgStructureEndDate"":null,""isOrgStructureDefault"":true,""orgStructureTag"":""V-1604910477175"",""orgStructureSKNumber"":"""",""orgStructureTPLStatus"":""ACTIVE"",""referenceOrgStructureTPLID"":""STR-45EF4408""}]",ES-1604908974347,
288,[],,ES-1604910523139,,Bank Artha Graha Bogor (KCI),SUBCO-160491052313943,2518352285,"{""bizparKey"":""CORPTYPE-KC"",""bizparStatus"":""ACTIVE"",""bizparValue"":""KCI"",""bizparCreationalDTO"":{""createdBy"":""SYSTEM"",""createdDate"":""19-01-2020 14:45:07"",""modifiedBy"":"""",""modifiedDate"":null},""bizparCategory"":""CORPORATE_TYPE""}",,EMP-205,11/9/2020 14:46,SYSTEM,,ACTIVE,"{""orgLegalDocumentID"":null,""orgLegalDocumentURL"":null}","[{""orgStructureTPLID"":""OS-1604910567912"",""orgStructureTPLName"":""Bank Artha Graha Bogor (KCI)"",""orgStructureStartDate"":null,""orgStructureEndDate"":null,""isOrgStructureDefault"":true,""orgStructureTag"":""V-1604910567912"",""orgStructureSKNumber"":"""",""orgStructureTPLStatus"":""ACTIVE"",""referenceOrgStructureTPLID"":""STR-0A06B33E""}]",ES-1604890793920,
253,[],,ES-1603854611244,,Bank Artha Graha Sudirman (KPNO),SUBCO-160385461124411,215152168,"{""bizparKey"":""CORPTYP-002"",""bizparStatus"":""ACTIVE"",""bizparValue"":""KPNO"",""bizparCreationalDTO"":{""createdBy"":""SYSTEM"",""createdDate"":""19-01-2020 14:45:07"",""modifiedBy"":"""",""modifiedDate"":null},""bizparCategory"":""CORPORATE_TYPE""}",www.arthagraha.com,EMP-205,10/28/2020 10:06,EMP-205,11/8/2020 11:15,INACTIVE,"{""orgLegalDocumentID"":null,""orgLegalDocumentURL"":null}","[{""orgStructureTPLID"":""OS-1603857294010"",""orgStructureTPLName"":""Bank Artha Graha Sudirman (KPNO)"",""orgStructureStartDate"":null,""orgStructureEndDate"":null,""isOrgStructureDefault"":true,""orgStructureTag"":""V-1603857294011"",""orgStructureSKNumber"":"""",""orgStructureTPLStatus"":""INACTIVE"",""referenceOrgStructureTPLID"":""""}]",,
256,[],,ES-1604891896911,,Bank Artha Graha Melawai (KCI),SUBCO-160489189691116,217219303,"{""bizparKey"":""CORPTYPE-KC"",""bizparStatus"":""ACTIVE"",""bizparValue"":""KCI"",""bizparCreationalDTO"":{""createdBy"":""SYSTEM"",""createdDate"":""19-01-2020 14:45:07"",""modifiedBy"":"""",""modifiedDate"":null},""bizparCategory"":""CORPORATE_TYPE""}",,EMP-205,11/9/2020 9:08,SYSTEM,,ACTIVE,"{""orgLegalDocumentID"":null,""orgLegalDocumentURL"":null}","[{""orgStructureTPLID"":""OS-1604891954105"",""orgStructureTPLName"":""Bank Artha Graha Melawai (KCI)"",""orgStructureStartDate"":null,""orgStructureEndDate"":null,""isOrgStructureDefault"":true,""orgStructureTag"":""V-1604891954105"",""orgStructureSKNumber"":"""",""orgStructureTPLStatus"":""ACTIVE"",""referenceOrgStructureTPLID"":""STR-EF1595CC""}]",ES-1604890793920,
290,[],,ES-1604910758546,,Bank Artha Graha Cipanas (KCP),SUBCO-160491075854738,263524509,"{""bizparKey"":""CORPTYPE-KCP"",""bizparStatus"":""ACTIVE"",""bizparValue"":""KCP"",""bizparCreationalDTO"":{""createdBy"":""SYSTEM"",""createdDate"":""19-01-2020 14:45:07"",""modifiedBy"":"""",""modifiedDate"":null},""bizparCategory"":""CORPORATE_TYPE""}",,EMP-205,11/9/2020 14:46,SYSTEM,,ACTIVE,"{""orgLegalDocumentID"":null,""orgLegalDocumentURL"":null}","[{""orgStructureTPLID"":""OS-1604910791972"",""orgStructureTPLName"":""Bank Artha Graha Cipanas (KCP)"",""orgStructureStartDate"":null,""orgStructureEndDate"":null,""isOrgStructureDefault"":true,""orgStructureTag"":""V-1604910791972"",""orgStructureSKNumber"":"""",""orgStructureTPLStatus"":""ACTIVE"",""referenceOrgStructureTPLID"":""STR-37554151""}]",ES-1604910523139,
291,[],,ES-1604910825867,,Bank Artha Graha Cinere (KCP),SUBCO-160491082586845,217544802,"{""bizparKey"":""CORPTYPE-KCP"",""bizparStatus"":""ACTIVE"",""bizparValue"":""KCP"",""bizparCreationalDTO"":{""createdBy"":""SYSTEM"",""createdDate"":""19-01-2020 14:45:07"",""modifiedBy"":"""",""modifiedDate"":null},""bizparCategory"":""CORPORATE_TYPE""}",,EMP-205,11/9/2020 14:46,SYSTEM,,ACTIVE,"{""orgLegalDocumentID"":null,""orgLegalDocumentURL"":null}","[{""orgStructureTPLID"":""OS-1604910889999"",""orgStructureTPLName"":""Bank Artha Graha Cinere (KCP)"",""orgStructureStartDate"":null,""orgStructureEndDate"":null,""isOrgStructureDefault"":true,""orgStructureTag"":""V-1604910890000"",""orgStructureSKNumber"":"""",""orgStructureTPLStatus"":""ACTIVE"",""referenceOrgStructureTPLID"":""STR-753B460B""}]",ES-1604910523139,
292,[],,ES-1604911268228,,Bank Artha Graha Cikarang (KCI),SUBCO-160491126822908,2189908966,"{""bizparKey"":""CORPTYPE-KC"",""bizparStatus"":""ACTIVE"",""bizparValue"":""KCI"",""bizparCreationalDTO"":{""createdBy"":""SYSTEM"",""createdDate"":""19-01-2020 14:45:07"",""modifiedBy"":"""",""modifiedDate"":null},""bizparCategory"":""CORPORATE_TYPE""}",,EMP-205,11/9/2020 14:46,SYSTEM,,ACTIVE,"{""orgLegalDocumentID"":null,""orgLegalDocumentURL"":null}","[{""orgStructureTPLID"":""OS-1604911359420"",""orgStructureTPLName"":""Bank Artha Graha Cikarang (KCI)"",""orgStructureStartDate"":null,""orgStructureEndDate"":null,""isOrgStructureDefault"":true,""orgStructureTag"":""V-1604911359421"",""orgStructureSKNumber"":"""",""orgStructureTPLStatus"":""ACTIVE"",""referenceOrgStructureTPLID"":""STR-EAC35F4F""}]",ES-1604890793920,
257,[],,ES-1604891999730,,Bank Artha Graha Bumi Serpong Damai (KCP),SUBCO-160489199973159,2129329986,"{""bizparKey"":""CORPTYPE-KCP"",""bizparStatus"":""ACTIVE"",""bizparValue"":""KCP"",""bizparCreationalDTO"":{""createdBy"":""SYSTEM"",""createdDate"":""19-01-2020 14:45:07"",""modifiedBy"":"""",""modifiedDate"":null},""bizparCategory"":""CORPORATE_TYPE""}",,EMP-205,11/9/2020 9:08,SYSTEM,,ACTIVE,"{""orgLegalDocumentID"":null,""orgLegalDocumentURL"":null}","[{""orgStructureTPLID"":""OS-1604892067904"",""orgStructureTPLName"":""Bank Artha Graha Bumi Serpong Damai (KCP)"",""orgStructureStartDate"":null,""orgStructureEndDate"":null,""isOrgStructureDefault"":true,""orgStructureTag"":""V-1604892067905"",""orgStructureSKNumber"":"""",""orgStructureTPLStatus"":""ACTIVE"",""referenceOrgStructureTPLID"":""STR-608BD736""}]",ES-1604891896911,
293,[],,ES-1604911306544,,Bank Artha Graha Ahmad Yani Makasar (KCI),SUBCO-160491130654546,4113618345,"{""bizparKey"":""CORPTYPE-KC"",""bizparStatus"":""ACTIVE"",""bizparValue"":""KCI"",""bizparCreationalDTO"":{""createdBy"":""SYSTEM"",""createdDate"":""19-01-2020 14:45:07"",""modifiedBy"":"""",""modifiedDate"":null},""bizparCategory"":""CORPORATE_TYPE""}",,EMP-205,11/9/2020 14:14,SYSTEM,,ACTIVE,"{""orgLegalDocumentID"":null,""orgLegalDocumentURL"":null}","[{""orgStructureTPLID"":""OS-1604911471914"",""orgStructureTPLName"":""Bank Artha Graha Ahmad Yani Makasar (KCI)"",""orgStructureStartDate"":null,""orgStructureEndDate"":null,""isOrgStructureDefault"":true,""orgStructureTag"":""V-1604911471914"",""orgStructureSKNumber"":"""",""orgStructureTPLStatus"":""ACTIVE"",""referenceOrgStructureTPLID"":""STR-D6985DF8""}]",ES-1604890793920,
294,[],,ES-1604911579372,,Bank Artha Graha Karet Surabaya (KCI),SUBCO-160491157937219,313538847,"{""bizparKey"":""CORPTYPE-KC"",""bizparStatus"":""ACTIVE"",""bizparValue"":""KCI"",""bizparCreationalDTO"":{""createdBy"":""SYSTEM"",""createdDate"":""19-01-2020 14:45:07"",""modifiedBy"":"""",""modifiedDate"":null},""bizparCategory"":""CORPORATE_TYPE""}",,EMP-205,11/9/2020 14:14,SYSTEM,,ACTIVE,"{""orgLegalDocumentID"":null,""orgLegalDocumentURL"":null}","[{""orgStructureTPLID"":""OS-1604911972930"",""orgStructureTPLName"":""Bank Artha Graha Karet Surabaya (KCI)"",""orgStructureStartDate"":null,""orgStructureEndDate"":null,""isOrgStructureDefault"":true,""orgStructureTag"":""V-1604911972930"",""orgStructureSKNumber"":"""",""orgStructureTPLStatus"":""ACTIVE"",""referenceOrgStructureTPLID"":""STR-B02D9B2C""}]",ES-1604890793920,
296,[],,ES-1604912036659,,Bank Artha Graha Ir Soekarno Surabaya (KCP),SUBCO-160491203666056,3159174017,"{""bizparKey"":""CORPTYPE-KCP"",""bizparStatus"":""ACTIVE"",""bizparValue"":""KCP"",""bizparCreationalDTO"":{""createdBy"":""SYSTEM"",""createdDate"":""19-01-2020 14:45:07"",""modifiedBy"":"""",""modifiedDate"":null},""bizparCategory"":""CORPORATE_TYPE""}",,EMP-205,11/9/2020 14:14,SYSTEM,,ACTIVE,"{""orgLegalDocumentID"":null,""orgLegalDocumentURL"":null}","[{""orgStructureTPLID"":""OS-1604912104394"",""orgStructureTPLName"":""Bank Artha Graha Ir Soekarno Surabaya (KCP)"",""orgStructureStartDate"":null,""orgStructureEndDate"":null,""isOrgStructureDefault"":true,""orgStructureTag"":""V-1604912104394"",""orgStructureSKNumber"":"""",""orgStructureTPLStatus"":""ACTIVE"",""referenceOrgStructureTPLID"":""STR-044180CB""}]",ES-1604911579372,
298,[],,ES-1604912191215,,Bank Artha Graha Lampung,SUBCO-160491219121631,721485268,"{""bizparKey"":""CORPTYPE-KC"",""bizparStatus"":""ACTIVE"",""bizparValue"":""KCI"",""bizparCreationalDTO"":{""createdBy"":""SYSTEM"",""createdDate"":""19-01-2020 14:45:07"",""modifiedBy"":"""",""modifiedDate"":null},""bizparCategory"":""CORPORATE_TYPE""}",,EMP-205,11/9/2020 14:46,SYSTEM,,ACTIVE,"{""orgLegalDocumentID"":null,""orgLegalDocumentURL"":null}","[{""orgStructureTPLID"":""OS-1604912225918"",""orgStructureTPLName"":""Bank Artha Graha Lampung (KCI)"",""orgStructureStartDate"":null,""orgStructureEndDate"":null,""isOrgStructureDefault"":true,""orgStructureTag"":""V-1604912225918"",""orgStructureSKNumber"":"""",""orgStructureTPLStatus"":""ACTIVE"",""referenceOrgStructureTPLID"":""STR-55C80ACB""}]",ES-1604890793920,
299,[],,ES-1604912279682,,Bank Artha Graha Asia Afrika Bandung (KCI),SUBCO-160491227968259,224230675,"{""bizparKey"":""CORPTYPE-KC"",""bizparStatus"":""ACTIVE"",""bizparValue"":""KCI"",""bizparCreationalDTO"":{""createdBy"":""SYSTEM"",""createdDate"":""19-01-2020 14:45:07"",""modifiedBy"":"""",""modifiedDate"":null},""bizparCategory"":""CORPORATE_TYPE""}",,EMP-205,11/9/2020 14:46,SYSTEM,,ACTIVE,"{""orgLegalDocumentID"":null,""orgLegalDocumentURL"":null}","[{""orgStructureTPLID"":""OS-1604912317874"",""orgStructureTPLName"":""Bank Artha Graha Asia Afrika Bandung (KCI)"",""orgStructureStartDate"":null,""orgStructureEndDate"":null,""isOrgStructureDefault"":true,""orgStructureTag"":""V-1604912317874"",""orgStructureSKNumber"":"""",""orgStructureTPLStatus"":""ACTIVE"",""referenceOrgStructureTPLID"":""STR-66FEE96A""}]",ES-1604890793920,
300,[],,ES-1604912367627,,Bank Artha Graha Raya Sudirman Bandung (KCP),SUBCO-160491236762727,224224344,"{""bizparKey"":""CORPTYPE-KCP"",""bizparStatus"":""ACTIVE"",""bizparValue"":""KCP"",""bizparCreationalDTO"":{""createdBy"":""SYSTEM"",""createdDate"":""19-01-2020 14:45:07"",""modifiedBy"":"""",""modifiedDate"":null},""bizparCategory"":""CORPORATE_TYPE""}",,EMP-205,11/9/2020 14:46,SYSTEM,,ACTIVE,"{""orgLegalDocumentID"":null,""orgLegalDocumentURL"":null}","[{""orgStructureTPLID"":""OS-1604912404023"",""orgStructureTPLName"":""Bank Artha Graha Raya Sudirman Bandung (KCP)"",""orgStructureStartDate"":null,""orgStructureEndDate"":null,""isOrgStructureDefault"":true,""orgStructureTag"":""V-1604912404023"",""orgStructureSKNumber"":"""",""orgStructureTPLStatus"":""ACTIVE"",""referenceOrgStructureTPLID"":""STR-449A250E""}]",ES-1604912279682,
258,[],,ES-1604895716532,,Bank Artha Graha Bintaro (KCP),SUBCO-160489571653256,217375112,"{""bizparKey"":""CORPTYPE-KCP"",""bizparStatus"":""ACTIVE"",""bizparValue"":""KCP"",""bizparCreationalDTO"":{""createdBy"":""SYSTEM"",""createdDate"":""19-01-2020 14:45:07"",""modifiedBy"":"""",""modifiedDate"":null},""bizparCategory"":""CORPORATE_TYPE""}",,EMP-205,11/9/2020 10:43,EMP-205,11/9/2020 11:22,ACTIVE,"{""orgLegalDocumentID"":null,""orgLegalDocumentURL"":null}","[{""orgStructureTPLID"":""OS-1604895778265"",""orgStructureTPLName"":""Bank Artha Graha Bintaro (KCI)"",""orgStructureStartDate"":null,""orgStructureEndDate"":null,""isOrgStructureDefault"":true,""orgStructureTag"":""V-1604895778265"",""orgStructureSKNumber"":"""",""orgStructureTPLStatus"":""INACTIVE"",""referenceOrgStructureTPLID"":""STR-0DA37E1A""}]",ES-1604891896911,
295,[],,ES-1604911409036,,Bank Artha Graha Karawang (KCP),SUBCO-160491140903729,2678490288,"{""bizparKey"":""CORPTYPE-KCP"",""bizparStatus"":""ACTIVE"",""bizparValue"":""KCP"",""bizparCreationalDTO"":{""createdBy"":""SYSTEM"",""createdDate"":""19-01-2020 14:45:07"",""modifiedBy"":"""",""modifiedDate"":null},""bizparCategory"":""CORPORATE_TYPE""}",,EMP-205,11/9/2020 14:46,SYSTEM,,ACTIVE,"{""orgLegalDocumentID"":null,""orgLegalDocumentURL"":null}","[{""orgStructureTPLID"":""OS-1604912037650"",""orgStructureTPLName"":""Bank Artha Graha Karawang (KCP)"",""orgStructureStartDate"":null,""orgStructureEndDate"":null,""isOrgStructureDefault"":true,""orgStructureTag"":""V-1604912037650"",""orgStructureSKNumber"":"""",""orgStructureTPLStatus"":""ACTIVE"",""referenceOrgStructureTPLID"":""STR-1AAB6AAB""}]",ES-1604911268228,
259,[],,ES-1604896687521,,Bank Artha Graha Bursa Efek Indonesia (KCP),SUBCO-160489668752107,215152168,"{""bizparKey"":""CORPTYPE-KCP"",""bizparStatus"":""ACTIVE"",""bizparValue"":""KCP"",""bizparCreationalDTO"":{""createdBy"":""SYSTEM"",""createdDate"":""19-01-2020 14:45:07"",""modifiedBy"":"""",""modifiedDate"":null},""bizparCategory"":""CORPORATE_TYPE""}",,EMP-205,11/9/2020 11:22,SYSTEM,,ACTIVE,"{""orgLegalDocumentID"":null,""orgLegalDocumentURL"":null}","[{""orgStructureTPLID"":""OS-1604896742761"",""orgStructureTPLName"":""Bank Artha Graha Bursa Efek Indonesia (KCP)"",""orgStructureStartDate"":null,""orgStructureEndDate"":null,""isOrgStructureDefault"":true,""orgStructureTag"":""V-1604896742761"",""orgStructureSKNumber"":"""",""orgStructureTPLStatus"":""ACTIVE"",""referenceOrgStructureTPLID"":""STR-6ACA8293""}]",ES-1604891896911,
297,[],,ES-1604912091484,,Bank Artha Graha Subang (KCP),SUBCO-160491209148551,22,"{""bizparKey"":""CORPTYPE-KCP"",""bizparStatus"":""ACTIVE"",""bizparValue"":""KCP"",""bizparCreationalDTO"":{""createdBy"":""SYSTEM"",""createdDate"":""19-01-2020 14:45:07"",""modifiedBy"":"""",""modifiedDate"":null},""bizparCategory"":""CORPORATE_TYPE""}",,EMP-205,11/9/2020 14:46,SYSTEM,,ACTIVE,"{""orgLegalDocumentID"":null,""orgLegalDocumentURL"":null}","[{""orgStructureTPLID"":""OS-1604912152066"",""orgStructureTPLName"":""Bank Artha Graha Subang (KCP)"",""orgStructureStartDate"":null,""orgStructureEndDate"":null,""isOrgStructureDefault"":true,""orgStructureTag"":""V-1604912152066"",""orgStructureSKNumber"":"""",""orgStructureTPLStatus"":""ACTIVE"",""referenceOrgStructureTPLID"":""STR-34EB6EB2""}]",ES-1604911268228,
260,[],,ES-1604896795971,,Bank Artha Graha Gading Serpong (KCP),SUBCO-160489679597255,215467217,"{""bizparKey"":""CORPTYPE-KCP"",""bizparStatus"":""ACTIVE"",""bizparValue"":""KCP"",""bizparCreationalDTO"":{""createdBy"":""SYSTEM"",""createdDate"":""19-01-2020 14:45:07"",""modifiedBy"":"""",""modifiedDate"":null},""bizparCategory"":""CORPORATE_TYPE""}",,EMP-205,11/9/2020 11:22,SYSTEM,,ACTIVE,"{""orgLegalDocumentID"":null,""orgLegalDocumentURL"":null}","[{""orgStructureTPLID"":""OS-1604896863894"",""orgStructureTPLName"":""Bank Artha Graha Gading Serpong"",""orgStructureStartDate"":null,""orgStructureEndDate"":null,""isOrgStructureDefault"":true,""orgStructureTag"":""V-1604896863894"",""orgStructureSKNumber"":"""",""orgStructureTPLStatus"":""ACTIVE"",""referenceOrgStructureTPLID"":""STR-8BF77EA5""}]",ES-1604891896911,
261,[],,ES-1604896943206,,Bank Artha Graha Suryopranoto (KCI),SUBCO-160489694320623,212311792,"{""bizparKey"":""CORPTYPE-KC"",""bizparStatus"":""ACTIVE"",""bizparValue"":""KCI"",""bizparCreationalDTO"":{""createdBy"":""SYSTEM"",""createdDate"":""19-01-2020 14:45:07"",""modifiedBy"":"""",""modifiedDate"":null},""bizparCategory"":""CORPORATE_TYPE""}",,EMP-205,11/9/2020 11:22,,,ACTIVE,"{""orgLegalDocumentID"":null,""orgLegalDocumentURL"":null}",,ES-1604890793920,
301,[],,ES-1604912441268,,Bank Artha Graha BKR Bandung (KCP),SUBCO-160491244126941,2242821728,"{""bizparKey"":""CORPTYPE-KCP"",""bizparStatus"":""ACTIVE"",""bizparValue"":""KCP"",""bizparCreationalDTO"":{""createdBy"":""SYSTEM"",""createdDate"":""19-01-2020 14:45:07"",""modifiedBy"":"""",""modifiedDate"":null},""bizparCategory"":""CORPORATE_TYPE""}",,EMP-205,11/9/2020 14:46,SYSTEM,,ACTIVE,"{""orgLegalDocumentID"":null,""orgLegalDocumentURL"":null}","[{""orgStructureTPLID"":""OS-1604912510321"",""orgStructureTPLName"":""Bank Artha Graha BKR Bandung (KCP)"",""orgStructureStartDate"":null,""orgStructureEndDate"":null,""isOrgStructureDefault"":true,""orgStructureTag"":""V-1604912510321"",""orgStructureSKNumber"":"""",""orgStructureTPLStatus"":""ACTIVE"",""referenceOrgStructureTPLID"":""STR-1F589E53""}]",ES-1604912279682,
262,[],,ES-1604903717760,,Bank Artha Graha Menara Global (KCP),SUBCO-160490371776017,21,"{""bizparKey"":""CORPTYPE-KCP"",""bizparStatus"":""ACTIVE"",""bizparValue"":""KCP"",""bizparCreationalDTO"":{""createdBy"":""SYSTEM"",""createdDate"":""19-01-2020 14:45:07"",""modifiedBy"":"""",""modifiedDate"":null},""bizparCategory"":""CORPORATE_TYPE""}",,EMP-205,11/9/2020 11:22,SYSTEM,,ACTIVE,"{""orgLegalDocumentID"":null,""orgLegalDocumentURL"":null}","[{""orgStructureTPLID"":""OS-1604903820487"",""orgStructureTPLName"":""Bank Artha Graha Menara Global (KCP)"",""orgStructureStartDate"":null,""orgStructureEndDate"":null,""isOrgStructureDefault"":true,""orgStructureTag"":""V-1604903820487"",""orgStructureSKNumber"":"""",""orgStructureTPLStatus"":""ACTIVE"",""referenceOrgStructureTPLID"":""STR-8B76CAD4""}]",ES-1604896943206,
268,[],,ES-1604904750846,,Bank Artha Graha Hos Cokroaminoto (KCP),SUBCO-160490475084630,213918889,"{""bizparKey"":""CORPTYPE-KCP"",""bizparStatus"":""ACTIVE"",""bizparValue"":""KCP"",""bizparCreationalDTO"":{""createdBy"":""SYSTEM"",""createdDate"":""19-01-2020 14:45:07"",""modifiedBy"":"""",""modifiedDate"":null},""bizparCategory"":""CORPORATE_TYPE""}",,EMP-205,11/9/2020 11:22,SYSTEM,,ACTIVE,"{""orgLegalDocumentID"":null,""orgLegalDocumentURL"":null}","[{""orgStructureTPLID"":""OS-1604905694994"",""orgStructureTPLName"":""Bank Artha Graha Cokroaminoto (KCP)"",""orgStructureStartDate"":null,""orgStructureEndDate"":null,""isOrgStructureDefault"":true,""orgStructureTag"":""V-1604905694994"",""orgStructureSKNumber"":"""",""orgStructureTPLStatus"":""ACTIVE"",""referenceOrgStructureTPLID"":""STR-74CC340B""}]",ES-1604904661469,
302,[],,ES-1604912550196,,Bank Artha Graha Kartini Cirebon (KCI),SUBCO-160491255019630,231204227,"{""bizparKey"":""CORPTYPE-KC"",""bizparStatus"":""ACTIVE"",""bizparValue"":""KCI"",""bizparCreationalDTO"":{""createdBy"":""SYSTEM"",""createdDate"":""19-01-2020 14:45:07"",""modifiedBy"":"""",""modifiedDate"":null},""bizparCategory"":""CORPORATE_TYPE""}",,EMP-205,11/9/2020 14:46,SYSTEM,,ACTIVE,"{""orgLegalDocumentID"":null,""orgLegalDocumentURL"":null}","[{""orgStructureTPLID"":""OS-1604912587598"",""orgStructureTPLName"":""Bank Artha Graha Kartini Cirebon (KCI)"",""orgStructureStartDate"":null,""orgStructureEndDate"":null,""isOrgStructureDefault"":true,""orgStructureTag"":""V-1604912587598"",""orgStructureSKNumber"":"""",""orgStructureTPLStatus"":""ACTIVE"",""referenceOrgStructureTPLID"":""STR-CF66FE3A""}]",ES-1604890793920,
263,[],,ES-1604904229702,,Bank Artha Graha Roxy Mas (KCP),SUBCO-160490422970349,216329546,"{""bizparKey"":""CORPTYPE-KCP"",""bizparStatus"":""ACTIVE"",""bizparValue"":""KCP"",""bizparCreationalDTO"":{""createdBy"":""SYSTEM"",""createdDate"":""19-01-2020 14:45:07"",""modifiedBy"":"""",""modifiedDate"":null},""bizparCategory"":""CORPORATE_TYPE""}",,EMP-205,11/9/2020 11:22,SYSTEM,,ACTIVE,"{""orgLegalDocumentID"":null,""orgLegalDocumentURL"":null}","[{""orgStructureTPLID"":""OS-1604904307220"",""orgStructureTPLName"":""Bank Artha Graha Roxy Mas (KCP)"",""orgStructureStartDate"":null,""orgStructureEndDate"":null,""isOrgStructureDefault"":true,""orgStructureTag"":""V-1604904307220"",""orgStructureSKNumber"":"""",""orgStructureTPLStatus"":""ACTIVE"",""referenceOrgStructureTPLID"":""STR-4767752B""}]",ES-1604896943206,
264,[],,ES-1604904351940,,Bank Artha Graha Borobudur (KCP),SUBCO-160490435194051,213842003,"{""bizparKey"":""CORPTYPE-KCP"",""bizparStatus"":""ACTIVE"",""bizparValue"":""KCP"",""bizparCreationalDTO"":{""createdBy"":""SYSTEM"",""createdDate"":""19-01-2020 14:45:07"",""modifiedBy"":"""",""modifiedDate"":null},""bizparCategory"":""CORPORATE_TYPE""}",,EMP-205,11/9/2020 11:22,SYSTEM,,ACTIVE,"{""orgLegalDocumentID"":null,""orgLegalDocumentURL"":null}","[{""orgStructureTPLID"":""OS-1604904430081"",""orgStructureTPLName"":""Bank Artha Graha Borobudur (KCP)"",""orgStructureStartDate"":null,""orgStructureEndDate"":null,""isOrgStructureDefault"":true,""orgStructureTag"":""V-1604904430081"",""orgStructureSKNumber"":"""",""orgStructureTPLStatus"":""ACTIVE"",""referenceOrgStructureTPLID"":""STR-0B9A9D8A""}]",ES-1604896943206,
265,[],,ES-1604904475254,,Bank Artha Graha Tanah Abang (KCP),SUBCO-160490447525555,2131905381,"{""bizparKey"":""CORPTYPE-KCP"",""bizparStatus"":""ACTIVE"",""bizparValue"":""KCP"",""bizparCreationalDTO"":{""createdBy"":""SYSTEM"",""createdDate"":""19-01-2020 14:45:07"",""modifiedBy"":"""",""modifiedDate"":null},""bizparCategory"":""CORPORATE_TYPE""}",,EMP-205,11/9/2020 11:22,SYSTEM,,ACTIVE,"{""orgLegalDocumentID"":null,""orgLegalDocumentURL"":null}","[{""orgStructureTPLID"":""OS-1604904522909"",""orgStructureTPLName"":""Bank Artha Graha Tanah Abang (KCP)"",""orgStructureStartDate"":null,""orgStructureEndDate"":null,""isOrgStructureDefault"":true,""orgStructureTag"":""V-1604904522910"",""orgStructureSKNumber"":"""",""orgStructureTPLStatus"":""ACTIVE"",""referenceOrgStructureTPLID"":""STR-43C91331""}]",ES-1604896943206,
266,[],,ES-1604904566480,,Bank Artha Graha Tangerang (KCP),SUBCO-160490456648026,215526878,"{""bizparKey"":""CORPTYPE-KCP"",""bizparStatus"":""ACTIVE"",""bizparValue"":""KCP"",""bizparCreationalDTO"":{""createdBy"":""SYSTEM"",""createdDate"":""19-01-2020 14:45:07"",""modifiedBy"":"""",""modifiedDate"":null},""bizparCategory"":""CORPORATE_TYPE""}",,EMP-205,11/9/2020 11:22,SYSTEM,,ACTIVE,"{""orgLegalDocumentID"":null,""orgLegalDocumentURL"":null}","[{""orgStructureTPLID"":""OS-1604904619764"",""orgStructureTPLName"":""Bank Artha Graha Tangerang"",""orgStructureStartDate"":null,""orgStructureEndDate"":null,""isOrgStructureDefault"":true,""orgStructureTag"":""V-1604904619764"",""orgStructureSKNumber"":"""",""orgStructureTPLStatus"":""ACTIVE"",""referenceOrgStructureTPLID"":""STR-DBED30D6""}]",ES-1604896943206,
267,[],,ES-1604904661469,,Bank Artha Graha Matraman (KCI),SUBCO-160490466147001,218568890,"{""bizparKey"":""CORPTYPE-KC"",""bizparStatus"":""ACTIVE"",""bizparValue"":""KCI"",""bizparCreationalDTO"":{""createdBy"":""SYSTEM"",""createdDate"":""19-01-2020 14:45:07"",""modifiedBy"":"""",""modifiedDate"":null},""bizparCategory"":""CORPORATE_TYPE""}",,EMP-205,11/9/2020 11:22,SYSTEM,,ACTIVE,"{""orgLegalDocumentID"":null,""orgLegalDocumentURL"":null}","[{""orgStructureTPLID"":""OS-1604904709852"",""orgStructureTPLName"":""Bank Artha Graha Matraman (KCI)"",""orgStructureStartDate"":null,""orgStructureEndDate"":null,""isOrgStructureDefault"":true,""orgStructureTag"":""V-1604904709853"",""orgStructureSKNumber"":"""",""orgStructureTPLStatus"":""ACTIVE"",""referenceOrgStructureTPLID"":""STR-13D1B219""}]",ES-1604890793920,
303,[],,ES-1604912631311,,Bank Artha Graha Solo (KCI),SUBCO-160491263131151,271639999,"{""bizparKey"":""CORPTYPE-KC"",""bizparStatus"":""ACTIVE"",""bizparValue"":""KCI"",""bizparCreationalDTO"":{""createdBy"":""SYSTEM"",""createdDate"":""19-01-2020 14:45:07"",""modifiedBy"":"""",""modifiedDate"":null},""bizparCategory"":""CORPORATE_TYPE""}",,EMP-205,11/9/2020 14:46,SYSTEM,,ACTIVE,"{""orgLegalDocumentID"":null,""orgLegalDocumentURL"":null}","[{""orgStructureTPLID"":""OS-1604912670771"",""orgStructureTPLName"":""Bank Artha Graha Solo (KCI)"",""orgStructureStartDate"":null,""orgStructureEndDate"":null,""isOrgStructureDefault"":true,""orgStructureTag"":""V-1604912670771"",""orgStructureSKNumber"":"""",""orgStructureTPLStatus"":""ACTIVE"",""referenceOrgStructureTPLID"":""STR-2FC31161""}]",ES-1604890793920,
304,[],,ES-1604912678943,,Bank Artha Graha Prapen Surabaya (KCP),SUBCO-160491267894338,318473788,"{""bizparKey"":""CORPTYPE-KCP"",""bizparStatus"":""ACTIVE"",""bizparValue"":""KCP"",""bizparCreationalDTO"":{""createdBy"":""SYSTEM"",""createdDate"":""19-01-2020 14:45:07"",""modifiedBy"":"""",""modifiedDate"":null},""bizparCategory"":""CORPORATE_TYPE""}",,EMP-205,11/9/2020 14:14,SYSTEM,,ACTIVE,"{""orgLegalDocumentID"":null,""orgLegalDocumentURL"":null}","[{""orgStructureTPLID"":""OS-1604912740164"",""orgStructureTPLName"":""Bank Artha Graha Prapen Surabaya (KCP)"",""orgStructureStartDate"":null,""orgStructureEndDate"":null,""isOrgStructureDefault"":true,""orgStructureTag"":""V-1604912740164"",""orgStructureSKNumber"":"""",""orgStructureTPLStatus"":""ACTIVE"",""referenceOrgStructureTPLID"":""STR-A020BC91""}]",ES-1604911579372,
305,[],,ES-1604912728713,,Bank Artha Graha Pandanaran Semarang (KCI),SUBCO-160491272871328,248314103,"{""bizparKey"":""CORPTYPE-KC"",""bizparStatus"":""ACTIVE"",""bizparValue"":""KCI"",""bizparCreationalDTO"":{""createdBy"":""SYSTEM"",""createdDate"":""19-01-2020 14:45:07"",""modifiedBy"":"""",""modifiedDate"":null},""bizparCategory"":""CORPORATE_TYPE""}",,EMP-205,11/9/2020 14:46,SYSTEM,,ACTIVE,"{""orgLegalDocumentID"":null,""orgLegalDocumentURL"":null}","[{""orgStructureTPLID"":""OS-1604912765390"",""orgStructureTPLName"":""Bank Artha Graha Pandanaran Semarang (KCI)"",""orgStructureStartDate"":null,""orgStructureEndDate"":null,""isOrgStructureDefault"":true,""orgStructureTag"":""V-1604912765390"",""orgStructureSKNumber"":"""",""orgStructureTPLStatus"":""ACTIVE"",""referenceOrgStructureTPLID"":""STR-BF16305B""}]",ES-1604890793920,
309,[],,ES-1604912936710,,Bank Artha Graha Pontianak (KCI),SUBCO-160491293671056,561572800,"{""bizparKey"":""CORPTYPE-KC"",""bizparStatus"":""ACTIVE"",""bizparValue"":""KCI"",""bizparCreationalDTO"":{""createdBy"":""SYSTEM"",""createdDate"":""19-01-2020 14:45:07"",""modifiedBy"":"""",""modifiedDate"":null},""bizparCategory"":""CORPORATE_TYPE""}",,EMP-205,11/9/2020 14:46,SYSTEM,,ACTIVE,"{""orgLegalDocumentID"":null,""orgLegalDocumentURL"":null}","[{""orgStructureTPLID"":""OS-1604912984913"",""orgStructureTPLName"":""Bank Artha Graha Pontianak (KCI)"",""orgStructureStartDate"":null,""orgStructureEndDate"":null,""isOrgStructureDefault"":true,""orgStructureTag"":""V-1604912984914"",""orgStructureSKNumber"":"""",""orgStructureTPLStatus"":""ACTIVE"",""referenceOrgStructureTPLID"":""STR-012A5154""}]",ES-1604890793920,
269,[],,ES-1604905742728,,Bank Artha Graha Kwitang (KCP),SUBCO-160490574272802,213903040,"{""bizparKey"":""CORPTYPE-KCP"",""bizparStatus"":""ACTIVE"",""bizparValue"":""KCP"",""bizparCreationalDTO"":{""createdBy"":""SYSTEM"",""createdDate"":""19-01-2020 14:45:07"",""modifiedBy"":"""",""modifiedDate"":null},""bizparCategory"":""CORPORATE_TYPE""}",,EMP-205,11/9/2020 11:22,SYSTEM,,ACTIVE,"{""orgLegalDocumentID"":null,""orgLegalDocumentURL"":null}","[{""orgStructureTPLID"":""OS-1604905794242"",""orgStructureTPLName"":""Bank Artha Graha Kwitang (KCP)"",""orgStructureStartDate"":null,""orgStructureEndDate"":null,""isOrgStructureDefault"":true,""orgStructureTag"":""V-1604905794242"",""orgStructureSKNumber"":"""",""orgStructureTPLStatus"":""ACTIVE"",""referenceOrgStructureTPLID"":""STR-78566CC7""}]",ES-1604904661469,
270,[],,ES-1604905842103,,Bank Artha Graha Cempaka Putih (KCP),SUBCO-160490584210442,214250229,"{""bizparKey"":""CORPTYPE-KCP"",""bizparStatus"":""ACTIVE"",""bizparValue"":""KCP"",""bizparCreationalDTO"":{""createdBy"":""SYSTEM"",""createdDate"":""19-01-2020 14:45:07"",""modifiedBy"":"""",""modifiedDate"":null},""bizparCategory"":""CORPORATE_TYPE""}",,EMP-205,11/9/2020 11:22,SYSTEM,,ACTIVE,"{""orgLegalDocumentID"":null,""orgLegalDocumentURL"":null}","[{""orgStructureTPLID"":""OS-1604905900304"",""orgStructureTPLName"":""Bank Artha Graha Cempaka Putih (KCP)"",""orgStructureStartDate"":null,""orgStructureEndDate"":null,""isOrgStructureDefault"":true,""orgStructureTag"":""V-1604905900305"",""orgStructureSKNumber"":"""",""orgStructureTPLStatus"":""ACTIVE"",""referenceOrgStructureTPLID"":""STR-3544CEBC""}]",ES-1604904661469,
306,[],,ES-1604912800670,,Bank Artha Graha Samarinda (KCI),SUBCO-160491280067040,541202267,"{""bizparKey"":""CORPTYPE-KC"",""bizparStatus"":""ACTIVE"",""bizparValue"":""KCI"",""bizparCreationalDTO"":{""createdBy"":""SYSTEM"",""createdDate"":""19-01-2020 14:45:07"",""modifiedBy"":"""",""modifiedDate"":null},""bizparCategory"":""CORPORATE_TYPE""}",,EMP-205,11/9/2020 14:46,SYSTEM,,ACTIVE,"{""orgLegalDocumentID"":null,""orgLegalDocumentURL"":null}","[{""orgStructureTPLID"":""OS-1604912840668"",""orgStructureTPLName"":""Bank Artha Graha Samarinda (KCI)"",""orgStructureStartDate"":null,""orgStructureEndDate"":null,""isOrgStructureDefault"":true,""orgStructureTag"":""V-1604912840668"",""orgStructureSKNumber"":"""",""orgStructureTPLStatus"":""ACTIVE"",""referenceOrgStructureTPLID"":""STR-97BFB49D""}]",ES-1604890793920,
307,[],,ES-1604912825262,,Bank Artha Graha HR Muhammad Surabaya (KCP),SUBCO-160491282526305,317321150,"{""bizparKey"":""CORPTYPE-KCP"",""bizparStatus"":""ACTIVE"",""bizparValue"":""KCP"",""bizparCreationalDTO"":{""createdBy"":""SYSTEM"",""createdDate"":""19-01-2020 14:45:07"",""modifiedBy"":"""",""modifiedDate"":null},""bizparCategory"":""CORPORATE_TYPE""}",,EMP-205,11/9/2020 14:14,SYSTEM,,ACTIVE,"{""orgLegalDocumentID"":null,""orgLegalDocumentURL"":null}","[{""orgStructureTPLID"":""OS-1604912868884"",""orgStructureTPLName"":""Bank Artha Graha HR Muhammad Surabaya (KCP)"",""orgStructureStartDate"":null,""orgStructureEndDate"":null,""isOrgStructureDefault"":true,""orgStructureTag"":""V-1604912868884"",""orgStructureSKNumber"":"""",""orgStructureTPLStatus"":""ACTIVE"",""referenceOrgStructureTPLID"":""STR-1014DE04""}]",ES-1604911579372,
308,[],,ES-1604912867432,,Bank Artha Graha Balikpapan (KCI),SUBCO-160491286743347,5428820540,"{""bizparKey"":""CORPTYPE-KC"",""bizparStatus"":""ACTIVE"",""bizparValue"":""KCI"",""bizparCreationalDTO"":{""createdBy"":""SYSTEM"",""createdDate"":""19-01-2020 14:45:07"",""modifiedBy"":"""",""modifiedDate"":null},""bizparCategory"":""CORPORATE_TYPE""}",,EMP-205,11/9/2020 14:46,SYSTEM,,ACTIVE,"{""orgLegalDocumentID"":null,""orgLegalDocumentURL"":null}","[{""orgStructureTPLID"":""OS-1604912900279"",""orgStructureTPLName"":""Bank Artha Graha Balikpapan (KCI)"",""orgStructureStartDate"":null,""orgStructureEndDate"":null,""isOrgStructureDefault"":true,""orgStructureTag"":""V-1604912900279"",""orgStructureSKNumber"":"""",""orgStructureTPLStatus"":""ACTIVE"",""referenceOrgStructureTPLID"":""STR-749217BF""}]",ES-1604890793920,
310,[],,ES-1604912987911,,Bank Artha Graha Kendari (KCI),SUBCO-160491298791147,4013129709,"{""bizparKey"":""CORPTYPE-KC"",""bizparStatus"":""ACTIVE"",""bizparValue"":""KCI"",""bizparCreationalDTO"":{""createdBy"":""SYSTEM"",""createdDate"":""19-01-2020 14:45:07"",""modifiedBy"":"""",""modifiedDate"":null},""bizparCategory"":""CORPORATE_TYPE""}",,EMP-205,11/9/2020 14:14,SYSTEM,,ACTIVE,"{""orgLegalDocumentID"":null,""orgLegalDocumentURL"":null}","[{""orgStructureTPLID"":""OS-1604913030161"",""orgStructureTPLName"":""Bank Artha Graha Kendari (KCI)"",""orgStructureStartDate"":null,""orgStructureEndDate"":null,""isOrgStructureDefault"":true,""orgStructureTag"":""V-1604913030161"",""orgStructureSKNumber"":"""",""orgStructureTPLStatus"":""ACTIVE"",""referenceOrgStructureTPLID"":""STR-449CD698""}]",ES-1604890793920,
311,[],,ES-1604913018363,,Bank Artha Graha Banjarmasin (KCI),SUBCO-160491301836418,5113351632,"{""bizparKey"":""CORPTYPE-KC"",""bizparStatus"":""ACTIVE"",""bizparValue"":""KCI"",""bizparCreationalDTO"":{""createdBy"":""SYSTEM"",""createdDate"":""19-01-2020 14:45:07"",""modifiedBy"":"""",""modifiedDate"":null},""bizparCategory"":""CORPORATE_TYPE""}",,EMP-205,11/9/2020 14:46,SYSTEM,,ACTIVE,"{""orgLegalDocumentID"":null,""orgLegalDocumentURL"":null}","[{""orgStructureTPLID"":""OS-1604913062270"",""orgStructureTPLName"":""Bank Artha Graha Banjarmasin (KCI)"",""orgStructureStartDate"":null,""orgStructureEndDate"":null,""isOrgStructureDefault"":true,""orgStructureTag"":""V-1604913062270"",""orgStructureSKNumber"":"""",""orgStructureTPLStatus"":""ACTIVE"",""referenceOrgStructureTPLID"":""STR-AC30BCA6""}]",ES-1604890793920,
312,[],,ES-1604913108186,,Bank Artha Graha Rivai Palembang (KCI),SUBCO-160491310818648,711356188,"{""bizparKey"":""CORPTYPE-KC"",""bizparStatus"":""ACTIVE"",""bizparValue"":""KCI"",""bizparCreationalDTO"":{""createdBy"":""SYSTEM"",""createdDate"":""19-01-2020 14:45:07"",""modifiedBy"":"""",""modifiedDate"":null},""bizparCategory"":""CORPORATE_TYPE""}",,EMP-205,11/9/2020 14:46,SYSTEM,,ACTIVE,"{""orgLegalDocumentID"":null,""orgLegalDocumentURL"":null}","[{""orgStructureTPLID"":""OS-1604913156776"",""orgStructureTPLName"":""Bank Artha Graha Rivai Palembang (KCI)"",""orgStructureStartDate"":null,""orgStructureEndDate"":null,""isOrgStructureDefault"":true,""orgStructureTag"":""V-1604913156776"",""orgStructureSKNumber"":"""",""orgStructureTPLStatus"":""ACTIVE"",""referenceOrgStructureTPLID"":""STR-489BA128""}]",ES-1604890793920,
314,[],,ES-1604913274324,,Bank Artha Graha Jambi (KCI),SUBCO-160491327432434,74134901,"{""bizparKey"":""CORPTYPE-KC"",""bizparStatus"":""ACTIVE"",""bizparValue"":""KCI"",""bizparCreationalDTO"":{""createdBy"":""SYSTEM"",""createdDate"":""19-01-2020 14:45:07"",""modifiedBy"":"""",""modifiedDate"":null},""bizparCategory"":""CORPORATE_TYPE""}",,EMP-205,11/9/2020 14:46,SYSTEM,,ACTIVE,"{""orgLegalDocumentID"":null,""orgLegalDocumentURL"":null}","[{""orgStructureTPLID"":""OS-1604913312499"",""orgStructureTPLName"":""Bank Artha Graha Jambi (KCI)"",""orgStructureStartDate"":null,""orgStructureEndDate"":null,""isOrgStructureDefault"":true,""orgStructureTag"":""V-1604913312500"",""orgStructureSKNumber"":"""",""orgStructureTPLStatus"":""ACTIVE"",""referenceOrgStructureTPLID"":""STR-EE403821""}]",ES-1604890793920,
271,[],,ES-1604906755161,,Bank Artha Graha Ujung Menteng (KCP),SUBCO-160490675516155,21,"{""bizparKey"":""CORPTYPE-KCP"",""bizparStatus"":""ACTIVE"",""bizparValue"":""KCP"",""bizparCreationalDTO"":{""createdBy"":""SYSTEM"",""createdDate"":""19-01-2020 14:45:07"",""modifiedBy"":"""",""modifiedDate"":null},""bizparCategory"":""CORPORATE_TYPE""}",,EMP-205,11/9/2020 14:14,SYSTEM,,ACTIVE,"{""orgLegalDocumentID"":null,""orgLegalDocumentURL"":null}","[{""orgStructureTPLID"":""OS-1604906869656"",""orgStructureTPLName"":""Bank Artha Graha Ujung Menteng (KCP)"",""orgStructureStartDate"":null,""orgStructureEndDate"":null,""isOrgStructureDefault"":true,""orgStructureTag"":""V-1604906869656"",""orgStructureSKNumber"":"""",""orgStructureTPLStatus"":""ACTIVE"",""referenceOrgStructureTPLID"":""STR-34C47CE8""}]",ES-1604904661469,
313,[],,ES-1604913228107,,Bank Artha Graha Denpasar Bali (KCI),SUBCO-160491322810848,361262751,"{""bizparKey"":""CORPTYPE-KC"",""bizparStatus"":""ACTIVE"",""bizparValue"":""KCI"",""bizparCreationalDTO"":{""createdBy"":""SYSTEM"",""createdDate"":""19-01-2020 14:45:07"",""modifiedBy"":"""",""modifiedDate"":null},""bizparCategory"":""CORPORATE_TYPE""}",,EMP-205,11/9/2020 14:14,SYSTEM,,ACTIVE,"{""orgLegalDocumentID"":null,""orgLegalDocumentURL"":null}","[{""orgStructureTPLID"":""OS-1604913307936"",""orgStructureTPLName"":""Bank Artha Graha Denpasar Bali (KCI)"",""orgStructureStartDate"":null,""orgStructureEndDate"":null,""isOrgStructureDefault"":true,""orgStructureTag"":""V-1604913307936"",""orgStructureSKNumber"":"""",""orgStructureTPLStatus"":""ACTIVE"",""referenceOrgStructureTPLID"":""STR-EED95640""}]",ES-1604890793920,
315,[],,ES-1604913337381,,Bank Artha Graha Pangkal Pinang (KCI),SUBCO-160491333738137,7174261191,"{""bizparKey"":""CORPTYPE-KC"",""bizparStatus"":""ACTIVE"",""bizparValue"":""KCI"",""bizparCreationalDTO"":{""createdBy"":""SYSTEM"",""createdDate"":""19-01-2020 14:45:07"",""modifiedBy"":"""",""modifiedDate"":null},""bizparCategory"":""CORPORATE_TYPE""}",,EMP-205,11/9/2020 14:46,SYSTEM,,ACTIVE,"{""orgLegalDocumentID"":null,""orgLegalDocumentURL"":null}","[{""orgStructureTPLID"":""OS-1604913375273"",""orgStructureTPLName"":""Bank Artha Graha Pangkal Pinang (KCI)"",""orgStructureStartDate"":null,""orgStructureEndDate"":null,""isOrgStructureDefault"":true,""orgStructureTag"":""V-1604913375274"",""orgStructureSKNumber"":"""",""orgStructureTPLStatus"":""ACTIVE"",""referenceOrgStructureTPLID"":""STR-C68DE546""}]",ES-1604890793920,
316,[],,ES-1604913368420,,Bank Artha Graha Kuta Bali (KCP),SUBCO-160491336842108,361769630,"{""bizparKey"":""CORPTYPE-KCP"",""bizparStatus"":""ACTIVE"",""bizparValue"":""KCP"",""bizparCreationalDTO"":{""createdBy"":""SYSTEM"",""createdDate"":""19-01-2020 14:45:07"",""modifiedBy"":"""",""modifiedDate"":null},""bizparCategory"":""CORPORATE_TYPE""}",,EMP-205,11/9/2020 14:14,SYSTEM,,ACTIVE,"{""orgLegalDocumentID"":null,""orgLegalDocumentURL"":null}","[{""orgStructureTPLID"":""OS-1604913423628"",""orgStructureTPLName"":""Bank Artha Graha Kuta Bali (KCP)"",""orgStructureStartDate"":null,""orgStructureEndDate"":null,""isOrgStructureDefault"":true,""orgStructureTag"":""V-1604913423628"",""orgStructureSKNumber"":"""",""orgStructureTPLStatus"":""ACTIVE"",""referenceOrgStructureTPLID"":""STR-6ACD3BE8""}]",ES-1604913228107,
317,[],,ES-1604913418257,,Bank Artha Graha Batam (KCI),SUBCO-160491341825858,778433068,"{""bizparKey"":""CORPTYPE-KC"",""bizparStatus"":""ACTIVE"",""bizparValue"":""KCI"",""bizparCreationalDTO"":{""createdBy"":""SYSTEM"",""createdDate"":""19-01-2020 14:45:07"",""modifiedBy"":"""",""modifiedDate"":null},""bizparCategory"":""CORPORATE_TYPE""}",,EMP-205,11/9/2020 14:46,EMP-205,11/9/2020 14:46,ACTIVE,"{""orgLegalDocumentID"":null,""orgLegalDocumentURL"":null}","[{""orgStructureTPLID"":""OS-1604913467684"",""orgStructureTPLName"":""Bank Artha Graha Batam (KCI)"",""orgStructureStartDate"":null,""orgStructureEndDate"":null,""isOrgStructureDefault"":true,""orgStructureTag"":""V-1604913467684"",""orgStructureSKNumber"":"""",""orgStructureTPLStatus"":""ACTIVE"",""referenceOrgStructureTPLID"":""STR-EB0F5643""}]",ES-1604890793920,
320,[],,ES-1604913552830,,Bank Artha Graha Riau Pekanbaru (KCP),SUBCO-160491355283012,761862750,"{""bizparKey"":""CORPTYPE-KCP"",""bizparStatus"":""ACTIVE"",""bizparValue"":""KCP"",""bizparCreationalDTO"":{""createdBy"":""SYSTEM"",""createdDate"":""19-01-2020 14:45:07"",""modifiedBy"":"""",""modifiedDate"":null},""bizparCategory"":""CORPORATE_TYPE""}",,EMP-205,11/9/2020 14:46,SYSTEM,,ACTIVE,"{""orgLegalDocumentID"":null,""orgLegalDocumentURL"":null}","[{""orgStructureTPLID"":""OS-1604913607474"",""orgStructureTPLName"":""Bank Artha Graha Riau Pekanbaru (KCP)"",""orgStructureStartDate"":null,""orgStructureEndDate"":null,""isOrgStructureDefault"":true,""orgStructureTag"":""V-1604913607475"",""orgStructureSKNumber"":"""",""orgStructureTPLStatus"":""ACTIVE"",""referenceOrgStructureTPLID"":""STR-6F586D2A""}]",ES-1604913498275,
120,,co_secretary@ag.co.id,ES-1579352234417,,Bank Artha Graha Sudirman (KPNO)-2,SUBCO-157935223441714,21,"{""bizparKey"":""CORPTYP-002"",""bizparStatus"":""ACTIVE"",""bizparValue"":""HO"",""bizparCreationalDTO"":{""createdBy"":""SYSTEM"",""createdDate"":""13-09-2019 10:48:22"",""modifiedBy"":""EMP-205"",""modifiedDate"":""15-01-2020 01:29:53""},""bizparCategory"":""CORPORATE_TYPE""}",www.arthagraha.com,EMP-205,1/17/2020 17:47,EMP-205,1/20/2020 10:30,INACTIVE,"{""orgLegalDocumentID"":null,""orgLegalDocumentURL"":null}","[{""orgStructureTPLID"":""OS-1585221532045"",""orgStructureTPLName"":""Bank Artha Graha Internasional KPNO"",""orgStructureStartDate"":""26-03-2020"",""orgStructureEndDate"":""26-03-2040"",""isOrgStructureDefault"":true,""orgStructureTag"":""V-1585221532045"",""orgStructureSKNumber"":""1"",""orgStructureTPLStatus"":""ACTIVE"",""referenceOrgStructureTPLID"":""STR-1583461208656""}]",,
272,[],,ES-1604906989870,,Bank Artha Graha Wiladatika Cibubur (KCP),SUBCO-160490698987049,21,"{""bizparKey"":""CORPTYPE-KCP"",""bizparStatus"":""ACTIVE"",""bizparValue"":""KCP"",""bizparCreationalDTO"":{""createdBy"":""SYSTEM"",""createdDate"":""19-01-2020 14:45:07"",""modifiedBy"":"""",""modifiedDate"":null},""bizparCategory"":""CORPORATE_TYPE""}",,EMP-205,11/9/2020 14:14,SYSTEM,,ACTIVE,"{""orgLegalDocumentID"":null,""orgLegalDocumentURL"":null}","[{""orgStructureTPLID"":""OS-1604907089877"",""orgStructureTPLName"":""Bank Artha Graha Wiladatika Cibubur (KCP)"",""orgStructureStartDate"":null,""orgStructureEndDate"":null,""isOrgStructureDefault"":true,""orgStructureTag"":""V-1604907089877"",""orgStructureSKNumber"":"""",""orgStructureTPLStatus"":""ACTIVE"",""referenceOrgStructureTPLID"":""STR-9DB4EF32""}]",ES-1604904661469,
318,[],,ES-1604913498275,,Bank Artha Graha Pekanbaru (KCI),SUBCO-160491349827518,761855577,"{""bizparKey"":""CORPTYPE-KC"",""bizparStatus"":""ACTIVE"",""bizparValue"":""KCI"",""bizparCreationalDTO"":{""createdBy"":""SYSTEM"",""createdDate"":""19-01-2020 14:45:07"",""modifiedBy"":"""",""modifiedDate"":null},""bizparCategory"":""CORPORATE_TYPE""}",,EMP-205,11/9/2020 14:46,SYSTEM,,ACTIVE,"{""orgLegalDocumentID"":null,""orgLegalDocumentURL"":null}","[{""orgStructureTPLID"":""OS-1604913535606"",""orgStructureTPLName"":""Bank Artha Graha Pekanbaru (KCI)"",""orgStructureStartDate"":null,""orgStructureEndDate"":null,""isOrgStructureDefault"":true,""orgStructureTag"":""V-1604913535606"",""orgStructureSKNumber"":"""",""orgStructureTPLStatus"":""ACTIVE"",""referenceOrgStructureTPLID"":""STR-C55C1687""}]",ES-1604890793920,
319,[],,ES-1604913512617,,Bank Artha Graha Diponegoro Ambon (KCI),SUBCO-160491351261732,911341216,"{""bizparKey"":""CORPTYPE-KC"",""bizparStatus"":""ACTIVE"",""bizparValue"":""KCI"",""bizparCreationalDTO"":{""createdBy"":""SYSTEM"",""createdDate"":""19-01-2020 14:45:07"",""modifiedBy"":"""",""modifiedDate"":null},""bizparCategory"":""CORPORATE_TYPE""}",,EMP-205,11/9/2020 14:14,SYSTEM,,ACTIVE,"{""orgLegalDocumentID"":null,""orgLegalDocumentURL"":null}","[{""orgStructureTPLID"":""OS-1604913574156"",""orgStructureTPLName"":""Bank Artha Graha Diponegoro Ambon (KCI)"",""orgStructureStartDate"":null,""orgStructureEndDate"":null,""isOrgStructureDefault"":true,""orgStructureTag"":""V-1604913574156"",""orgStructureSKNumber"":"""",""orgStructureTPLStatus"":""ACTIVE"",""referenceOrgStructureTPLID"":""STR-065BB645""}]",ES-1604890793920,
252,[],string,ES-001,,PT TIGA DAYA DIGITAL INDONESIA,SUBCO-001,(021) 1234567,"{""bizparKey"":""CORPTYP-001"",""bizparStatus"":""ACTIVE"",""bizparValue"":""Head Office"",""bizparCreationalDTO"":{""createdBy"":""SYSTEM"",""createdDate"":""13-09-2019 10:48:22"",""modifiedBy"":""EMP-205"",""modifiedDate"":""15-01-2020 01:29:53""},""bizparCategory"":""CORPORATE_TYPE""}",www.eksad.co.id,SYSTEM,1/1/2019 5:00,SYSTEM,1/1/2019 6:00,INACTIVE,"{""orgLegalDocumentID"":""LD-001"",""orgLegalDocumentURL"":""orgLegalDocumentURL""}","[{""orgStructureTPLID"":""OS-001"",""orgStructureTPLName"":""Template 1"",""orgStructureStartDate"":""01-01-2019"",""orgStructureEndDate"":""31-12-2022"",""isOrgStructureDefault"":true,""orgStructureTag"":""v1"",""orgStructureSKNumber"":""string"",""orgStructureTPLStatus"":""ACTIVE"",""referenceOrgStructureTPLID"":""STR-001""}]",,EMP-545
321,[],,ES-1604913625639,,Bank Artha Graha Tual (KCP),SUBCO-160491362563925,911,"{""bizparKey"":""CORPTYPE-KCP"",""bizparStatus"":""ACTIVE"",""bizparValue"":""KCP"",""bizparCreationalDTO"":{""createdBy"":""SYSTEM"",""createdDate"":""19-01-2020 14:45:07"",""modifiedBy"":"""",""modifiedDate"":null},""bizparCategory"":""CORPORATE_TYPE""}",,EMP-205,11/9/2020 14:14,SYSTEM,,ACTIVE,"{""orgLegalDocumentID"":null,""orgLegalDocumentURL"":null}","[{""orgStructureTPLID"":""OS-1604913677249"",""orgStructureTPLName"":""Bank Artha Graha Tual (KCP)"",""orgStructureStartDate"":null,""orgStructureEndDate"":null,""isOrgStructureDefault"":true,""orgStructureTag"":""V-1604913677249"",""orgStructureSKNumber"":"""",""orgStructureTPLStatus"":""ACTIVE"",""referenceOrgStructureTPLID"":""STR-08AFE201""}]",ES-1604913512617,
322,[],,ES-1604913661644,,Bank Artha Graha Pemuda Medan (KCI),SUBCO-160491366164501,614511180,"{""bizparKey"":""CORPTYPE-KC"",""bizparStatus"":""ACTIVE"",""bizparValue"":""KCI"",""bizparCreationalDTO"":{""createdBy"":""SYSTEM"",""createdDate"":""19-01-2020 14:45:07"",""modifiedBy"":"""",""modifiedDate"":null},""bizparCategory"":""CORPORATE_TYPE""}",,EMP-205,11/9/2020 14:46,SYSTEM,,ACTIVE,"{""orgLegalDocumentID"":null,""orgLegalDocumentURL"":null}","[{""orgStructureTPLID"":""OS-1604913695265"",""orgStructureTPLName"":""Bank Artha Graha Pemuda Medan (KCI)"",""orgStructureStartDate"":null,""orgStructureEndDate"":null,""isOrgStructureDefault"":true,""orgStructureTag"":""V-1604913695265"",""orgStructureSKNumber"":"""",""orgStructureTPLStatus"":""ACTIVE"",""referenceOrgStructureTPLID"":""STR-CE0A2042""}]",ES-1604890793920,
323,[],,ES-1604913718891,,Bank Artha Graha Mardika Ambon (KCP),SUBCO-160491371889158,911354611,"{""bizparKey"":""CORPTYPE-KCP"",""bizparStatus"":""ACTIVE"",""bizparValue"":""KCP"",""bizparCreationalDTO"":{""createdBy"":""SYSTEM"",""createdDate"":""19-01-2020 14:45:07"",""modifiedBy"":"""",""modifiedDate"":null},""bizparCategory"":""CORPORATE_TYPE""}",,EMP-205,11/9/2020 14:14,SYSTEM,,ACTIVE,"{""orgLegalDocumentID"":null,""orgLegalDocumentURL"":null}","[{""orgStructureTPLID"":""OS-1604913760864"",""orgStructureTPLName"":""Bank Artha Graha Mardika Ambon (KCP)"",""orgStructureStartDate"":null,""orgStructureEndDate"":null,""isOrgStructureDefault"":true,""orgStructureTag"":""V-1604913760864"",""orgStructureSKNumber"":"""",""orgStructureTPLStatus"":""ACTIVE"",""referenceOrgStructureTPLID"":""STR-CDBE96D3""}]",ES-1604913512617,
324,[],,ES-1604913729109,,Bank Artha Graha Sutomo Medan (KCP),SUBCO-160491372910909,614524429,"{""bizparKey"":""CORPTYPE-KCP"",""bizparStatus"":""ACTIVE"",""bizparValue"":""KCP"",""bizparCreationalDTO"":{""createdBy"":""SYSTEM"",""createdDate"":""19-01-2020 14:45:07"",""modifiedBy"":"""",""modifiedDate"":null},""bizparCategory"":""CORPORATE_TYPE""}",,EMP-205,11/9/2020 14:46,SYSTEM,,ACTIVE,"{""orgLegalDocumentID"":null,""orgLegalDocumentURL"":null}","[{""orgStructureTPLID"":""OS-1604913771740"",""orgStructureTPLName"":""Bank Artha Graha Sutomo Medan (KCP)"",""orgStructureStartDate"":null,""orgStructureEndDate"":null,""isOrgStructureDefault"":true,""orgStructureTag"":""V-1604913771740"",""orgStructureSKNumber"":"""",""orgStructureTPLStatus"":""ACTIVE"",""referenceOrgStructureTPLID"":""STR-57DE0301""}]",ES-1604913661644,
273,[],,ES-1604907481981,,Bank Artha Graha P.Jayakarta (KCI),SUBCO-160490748198201,216262658,"{""bizparKey"":""CORPTYPE-KC"",""bizparStatus"":""ACTIVE"",""bizparValue"":""KCI"",""bizparCreationalDTO"":{""createdBy"":""SYSTEM"",""createdDate"":""19-01-2020 14:45:07"",""modifiedBy"":"""",""modifiedDate"":null},""bizparCategory"":""CORPORATE_TYPE""}",,EMP-205,11/9/2020 14:14,EMP-205,11/9/2020 14:14,ACTIVE,"{""orgLegalDocumentID"":null,""orgLegalDocumentURL"":null}","[{""orgStructureTPLID"":""OS-1604907832121"",""orgStructureTPLName"":""Bank Artha Graha P. Jayakarta (KC)"",""orgStructureStartDate"":null,""orgStructureEndDate"":null,""isOrgStructureDefault"":true,""orgStructureTag"":""V-1604907832121"",""orgStructureSKNumber"":"""",""orgStructureTPLStatus"":""INACTIVE"",""referenceOrgStructureTPLID"":""STR-BB9FC576""}]",ES-1604890793920,
325,[],,ES-1604913804470,,Bank Artha Graha Cemara Asri Medan (KCP),SUBCO-160491380447024,616627101,"{""bizparKey"":""CORPTYPE-KCP"",""bizparStatus"":""ACTIVE"",""bizparValue"":""KCP"",""bizparCreationalDTO"":{""createdBy"":""SYSTEM"",""createdDate"":""19-01-2020 14:45:07"",""modifiedBy"":"""",""modifiedDate"":null},""bizparCategory"":""CORPORATE_TYPE""}",,EMP-205,11/9/2020 14:46,SYSTEM,,ACTIVE,"{""orgLegalDocumentID"":null,""orgLegalDocumentURL"":null}","[{""orgStructureTPLID"":""OS-1604913840056"",""orgStructureTPLName"":""Bank Artha Graha Cemara Asri Medan (KCP)"",""orgStructureStartDate"":null,""orgStructureEndDate"":null,""isOrgStructureDefault"":true,""orgStructureTag"":""V-1604913840056"",""orgStructureSKNumber"":"""",""orgStructureTPLStatus"":""ACTIVE"",""referenceOrgStructureTPLID"":""STR-770B8DA3""}]",ES-1604913661644,
326,[],,ES-1604913826076,,Bank Artha Graha Ternate (KCI),SUBCO-160491382607746,9213121349,"{""bizparKey"":""CORPTYPE-KC"",""bizparStatus"":""ACTIVE"",""bizparValue"":""KCI"",""bizparCreationalDTO"":{""createdBy"":""SYSTEM"",""createdDate"":""19-01-2020 14:45:07"",""modifiedBy"":"""",""modifiedDate"":null},""bizparCategory"":""CORPORATE_TYPE""}",,EMP-205,11/9/2020 14:14,SYSTEM,,ACTIVE,"{""orgLegalDocumentID"":null,""orgLegalDocumentURL"":null}","[{""orgStructureTPLID"":""OS-1604913861521"",""orgStructureTPLName"":""Bank Artha Graha Ternate (KCI)"",""orgStructureStartDate"":null,""orgStructureEndDate"":null,""isOrgStructureDefault"":true,""orgStructureTag"":""V-1604913861521"",""orgStructureSKNumber"":"""",""orgStructureTPLStatus"":""ACTIVE"",""referenceOrgStructureTPLID"":""STR-3E0F5526""}]",ES-1604890793920,
327,[],,ES-1604913895168,,Bank Artha Graha Sam Ratulangi Manado (KCI),SUBCO-160491389516855,431868033,"{""bizparKey"":""CORPTYPE-KC"",""bizparStatus"":""ACTIVE"",""bizparValue"":""KCI"",""bizparCreationalDTO"":{""createdBy"":""SYSTEM"",""createdDate"":""19-01-2020 14:45:07"",""modifiedBy"":"""",""modifiedDate"":null},""bizparCategory"":""CORPORATE_TYPE""}",,EMP-205,11/9/2020 14:46,SYSTEM,,ACTIVE,"{""orgLegalDocumentID"":null,""orgLegalDocumentURL"":null}","[{""orgStructureTPLID"":""OS-1604913928361"",""orgStructureTPLName"":""Bank Artha Graha Sam Ratulangi Manado (KCI)"",""orgStructureStartDate"":null,""orgStructureEndDate"":null,""isOrgStructureDefault"":true,""orgStructureTag"":""V-1604913928361"",""orgStructureSKNumber"":"""",""orgStructureTPLStatus"":""ACTIVE"",""referenceOrgStructureTPLID"":""STR-86FE0033""}]",ES-1604890793920,
328,[],,ES-1604913905839,,Bank Artha Graha Kupang (KCI),SUBCO-160491390583905,380831868,"{""bizparKey"":""CORPTYPE-KC"",""bizparStatus"":""ACTIVE"",""bizparValue"":""KCI"",""bizparCreationalDTO"":{""createdBy"":""SYSTEM"",""createdDate"":""19-01-2020 14:45:07"",""modifiedBy"":"""",""modifiedDate"":null},""bizparCategory"":""CORPORATE_TYPE""}",,EMP-205,11/9/2020 14:14,SYSTEM,,ACTIVE,"{""orgLegalDocumentID"":null,""orgLegalDocumentURL"":null}","[{""orgStructureTPLID"":""OS-1604913955849"",""orgStructureTPLName"":""Bank Artha Graha Kupang (KCI)"",""orgStructureStartDate"":null,""orgStructureEndDate"":null,""isOrgStructureDefault"":true,""orgStructureTag"":""V-1604913955849"",""orgStructureSKNumber"":"""",""orgStructureTPLStatus"":""ACTIVE"",""referenceOrgStructureTPLID"":""STR-D94688C2""}]",ES-1604890793920,
329,[],,ES-1604913947169,,Bank Artha Graha Calaca Manado (KCP),SUBCO-160491394716947,431851633,"{""bizparKey"":""CORPTYPE-KCP"",""bizparStatus"":""ACTIVE"",""bizparValue"":""KCP"",""bizparCreationalDTO"":{""createdBy"":""SYSTEM"",""createdDate"":""19-01-2020 14:45:07"",""modifiedBy"":"""",""modifiedDate"":null},""bizparCategory"":""CORPORATE_TYPE""}",,EMP-205,11/9/2020 14:46,SYSTEM,,ACTIVE,"{""orgLegalDocumentID"":null,""orgLegalDocumentURL"":null}","[{""orgStructureTPLID"":""OS-1604913999687"",""orgStructureTPLName"":""Bank Artha Graha Calaca Manado (KCP)"",""orgStructureStartDate"":null,""orgStructureEndDate"":null,""isOrgStructureDefault"":true,""orgStructureTag"":""V-1604913999688"",""orgStructureSKNumber"":"""",""orgStructureTPLStatus"":""ACTIVE"",""referenceOrgStructureTPLID"":""STR-4A66CB38""}]",ES-1604913895168,
330,[],,ES-1604913998554,,Bank Artha Graha Bitung (KCI),SUBCO-160491399855438,43832501,"{""bizparKey"":""CORPTYPE-KC"",""bizparStatus"":""ACTIVE"",""bizparValue"":""KCI"",""bizparCreationalDTO"":{""createdBy"":""SYSTEM"",""createdDate"":""19-01-2020 14:45:07"",""modifiedBy"":"""",""modifiedDate"":null},""bizparCategory"":""CORPORATE_TYPE""}",,EMP-205,11/9/2020 14:14,SYSTEM,,ACTIVE,"{""orgLegalDocumentID"":null,""orgLegalDocumentURL"":null}","[{""orgStructureTPLID"":""OS-1604914049847"",""orgStructureTPLName"":""Bank Artha Graha Bitung (KCI)"",""orgStructureStartDate"":null,""orgStructureEndDate"":null,""isOrgStructureDefault"":true,""orgStructureTag"":""V-1604914049847"",""orgStructureSKNumber"":"""",""orgStructureTPLStatus"":""ACTIVE"",""referenceOrgStructureTPLID"":""STR-58549E47""}]",ES-1604890793920,
274,[],,ES-1604907961671,,Bank Artha Graha Mangga Besar (KCP),SUBCO-160490796167101,216121944,"{""bizparKey"":""CORPTYPE-KCP"",""bizparStatus"":""ACTIVE"",""bizparValue"":""KCP"",""bizparCreationalDTO"":{""createdBy"":""SYSTEM"",""createdDate"":""19-01-2020 14:45:07"",""modifiedBy"":"""",""modifiedDate"":null},""bizparCategory"":""CORPORATE_TYPE""}",,EMP-205,11/9/2020 14:14,SYSTEM,,ACTIVE,"{""orgLegalDocumentID"":null,""orgLegalDocumentURL"":null}","[{""orgStructureTPLID"":""OS-1604908061328"",""orgStructureTPLName"":""Bank Artha Graha Mangga Besar (KCP)"",""orgStructureStartDate"":null,""orgStructureEndDate"":null,""isOrgStructureDefault"":true,""orgStructureTag"":""V-1604908061328"",""orgStructureSKNumber"":"""",""orgStructureTPLStatus"":""ACTIVE"",""referenceOrgStructureTPLID"":""STR-C59CC1C0""}]",ES-1604907481981,
275,[],,ES-1604908165846,,Bank Artha Graha Kopi (KCP),SUBCO-160490816584625,216900161,"{""bizparKey"":""CORPTYPE-KCP"",""bizparStatus"":""ACTIVE"",""bizparValue"":""KCP"",""bizparCreationalDTO"":{""createdBy"":""SYSTEM"",""createdDate"":""19-01-2020 14:45:07"",""modifiedBy"":"""",""modifiedDate"":null},""bizparCategory"":""CORPORATE_TYPE""}",,EMP-205,11/9/2020 14:14,SYSTEM,,ACTIVE,"{""orgLegalDocumentID"":null,""orgLegalDocumentURL"":null}","[{""orgStructureTPLID"":""OS-1604908244434"",""orgStructureTPLName"":""Bank Artha Graha Kopi (KCP)"",""orgStructureStartDate"":null,""orgStructureEndDate"":null,""isOrgStructureDefault"":true,""orgStructureTag"":""V-1604908244434"",""orgStructureSKNumber"":"""",""orgStructureTPLStatus"":""ACTIVE"",""referenceOrgStructureTPLID"":""STR-1DD9CAF7""}]",ES-1604907481981,
276,[],,ES-1604908308947,,Bank artha Graha Mangga Dua Arteri (KCP),SUBCO-160490830894848,216254846,"{""bizparKey"":""CORPTYPE-KCP"",""bizparStatus"":""ACTIVE"",""bizparValue"":""KCP"",""bizparCreationalDTO"":{""createdBy"":""SYSTEM"",""createdDate"":""19-01-2020 14:45:07"",""modifiedBy"":"""",""modifiedDate"":null},""bizparCategory"":""CORPORATE_TYPE""}",,EMP-205,11/9/2020 14:14,SYSTEM,,ACTIVE,"{""orgLegalDocumentID"":null,""orgLegalDocumentURL"":null}","[{""orgStructureTPLID"":""OS-1604908411329"",""orgStructureTPLName"":""Bank artha Graha Mangga Dua Arteri (KCP)"",""orgStructureStartDate"":null,""orgStructureEndDate"":null,""isOrgStructureDefault"":true,""orgStructureTag"":""V-1604908411329"",""orgStructureSKNumber"":"""",""orgStructureTPLStatus"":""ACTIVE"",""referenceOrgStructureTPLID"":""STR-8B8B7D31""}]",ES-1604907481981,
277,[],,ES-1604908458852,,Bank Artha Graha Puri Indah (KCP),SUBCO-160490845885318,2158304490,"{""bizparKey"":""CORPTYPE-KCP"",""bizparStatus"":""ACTIVE"",""bizparValue"":""KCP"",""bizparCreationalDTO"":{""createdBy"":""SYSTEM"",""createdDate"":""19-01-2020 14:45:07"",""modifiedBy"":"""",""modifiedDate"":null},""bizparCategory"":""CORPORATE_TYPE""}",,EMP-205,11/9/2020 14:14,SYSTEM,,ACTIVE,"{""orgLegalDocumentID"":null,""orgLegalDocumentURL"":null}","[{""orgStructureTPLID"":""OS-1604908515191"",""orgStructureTPLName"":""Bank Artha Graha Puri Indah (KCP)"",""orgStructureStartDate"":null,""orgStructureEndDate"":null,""isOrgStructureDefault"":true,""orgStructureTag"":""V-1604908515191"",""orgStructureSKNumber"":"""",""orgStructureTPLStatus"":""ACTIVE"",""referenceOrgStructureTPLID"":""STR-9253C542""}]",ES-1604907481981,
278,[],,ES-1604908555468,,Bank Artha Graha Taman Palem (KCP),SUBCO-160490855546855,2155957801,"{""bizparKey"":""CORPTYPE-KCP"",""bizparStatus"":""ACTIVE"",""bizparValue"":""KCP"",""bizparCreationalDTO"":{""createdBy"":""SYSTEM"",""createdDate"":""19-01-2020 14:45:07"",""modifiedBy"":"""",""modifiedDate"":null},""bizparCategory"":""CORPORATE_TYPE""}",,EMP-205,11/9/2020 14:14,SYSTEM,,ACTIVE,"{""orgLegalDocumentID"":null,""orgLegalDocumentURL"":null}","[{""orgStructureTPLID"":""OS-1604908601239"",""orgStructureTPLName"":""Bank Artha Graha Taman Palem (KCP)"",""orgStructureStartDate"":null,""orgStructureEndDate"":null,""isOrgStructureDefault"":true,""orgStructureTag"":""V-1604908601239"",""orgStructureSKNumber"":"""",""orgStructureTPLStatus"":""ACTIVE"",""referenceOrgStructureTPLID"":""STR-C954F01E""}]",ES-1604907481981,
279,[],,ES-1604908640197,,Bank Artha Graha Green Ville (KCP),SUBCO-160490864019720,215605658,"{""bizparKey"":""CORPTYPE-KCP"",""bizparStatus"":""ACTIVE"",""bizparValue"":""KCP"",""bizparCreationalDTO"":{""createdBy"":""SYSTEM"",""createdDate"":""19-01-2020 14:45:07"",""modifiedBy"":"""",""modifiedDate"":null},""bizparCategory"":""CORPORATE_TYPE""}",,EMP-205,11/9/2020 14:14,SYSTEM,,ACTIVE,"{""orgLegalDocumentID"":null,""orgLegalDocumentURL"":null}","[{""orgStructureTPLID"":""OS-1604908701405"",""orgStructureTPLName"":""Bank Artha Graha Green Ville (KCP)"",""orgStructureStartDate"":null,""orgStructureEndDate"":null,""isOrgStructureDefault"":true,""orgStructureTag"":""V-1604908701405"",""orgStructureSKNumber"":"""",""orgStructureTPLStatus"":""ACTIVE"",""referenceOrgStructureTPLID"":""STR-7E0E09E3""}]",ES-1604907481981,
280,[],,ES-1604908974347,,Bank Artha Graha Artha Gading (KCI),SUBCO-160490897434754,2145858090,"{""bizparKey"":""CORPTYPE-KC"",""bizparStatus"":""ACTIVE"",""bizparValue"":""KCI"",""bizparCreationalDTO"":{""createdBy"":""SYSTEM"",""createdDate"":""19-01-2020 14:45:07"",""modifiedBy"":"""",""modifiedDate"":null},""bizparCategory"":""CORPORATE_TYPE""}",,EMP-205,11/9/2020 14:14,SYSTEM,,ACTIVE,"{""orgLegalDocumentID"":null,""orgLegalDocumentURL"":null}","[{""orgStructureTPLID"":""OS-1604909048362"",""orgStructureTPLName"":""Bank Artha Graha Artha Gading (KCI)"",""orgStructureStartDate"":null,""orgStructureEndDate"":null,""isOrgStructureDefault"":true,""orgStructureTag"":""V-1604909048362"",""orgStructureSKNumber"":"""",""orgStructureTPLStatus"":""ACTIVE"",""referenceOrgStructureTPLID"":""STR-F355CF10""}]",ES-1604890793920,
248,[],string,ES-100,,PT TIGA DAYA DIGITAL INDONESIA 2,SUBCO-001,(021) 1234567,"{""bizparKey"":""CORPTYP-002"",""bizparStatus"":""ACTIVE"",""bizparValue"":""Head Office"",""bizparCreationalDTO"":{""createdBy"":""SYSTEM"",""createdDate"":""13-09-2019 03:48:22"",""modifiedBy"":""EMP-205"",""modifiedDate"":""14-01-2020 18:29:53""},""bizparCategory"":""CORPORATE_TYPE""}",www.eksad.co.id,SYSTEM,1/1/2019 12:00,SYSTEM,1/1/2019 13:00,INACTIVE,"{""orgLegalDocumentID"":""LD-001"",""orgLegalDocumentURL"":""orgLegalDocumentURL""}","[{""orgStructureTPLID"":null,""orgStructureTPLName"":""Bank Artha Graha Internasional"",""orgStructureStartDate"":null,""orgStructureEndDate"":null,""isOrgStructureDefault"":null,""orgStructureTag"":null,""orgStructureSKNumber"":null,""orgStructureTPLStatus"":""ACTIVE"",""referenceOrgStructureTPLID"":null}]",,EMP-545
281,[],,ES-1604909358420,,Bank Artha Graha Mangga Dua Harco (KCP),SUBCO-160490935842018,216121944,"{""bizparKey"":""CORPTYPE-KCP"",""bizparStatus"":""ACTIVE"",""bizparValue"":""KCP"",""bizparCreationalDTO"":{""createdBy"":""SYSTEM"",""createdDate"":""19-01-2020 14:45:07"",""modifiedBy"":"""",""modifiedDate"":null},""bizparCategory"":""CORPORATE_TYPE""}",,EMP-205,11/9/2020 14:14,SYSTEM,,ACTIVE,"{""orgLegalDocumentID"":null,""orgLegalDocumentURL"":null}","[{""orgStructureTPLID"":""OS-1604909483824"",""orgStructureTPLName"":""Bank Artha Graha Mangga Dua Harco (KCP)"",""orgStructureStartDate"":null,""orgStructureEndDate"":null,""isOrgStructureDefault"":true,""orgStructureTag"":""V-1604909483824"",""orgStructureSKNumber"":"""",""orgStructureTPLStatus"":""ACTIVE"",""referenceOrgStructureTPLID"":""STR-3D56FCBD""}]",ES-1604908974347,
284,[],,ES-1604910068228,,Bank Artha Graha Kelapa Gading Boulevard (KCP),SUBCO-160491006822808,214508927,"{""bizparKey"":""CORPTYPE-KCP"",""bizparStatus"":""ACTIVE"",""bizparValue"":""KCP"",""bizparCreationalDTO"":{""createdBy"":""SYSTEM"",""createdDate"":""19-01-2020 14:45:07"",""modifiedBy"":"""",""modifiedDate"":null},""bizparCategory"":""CORPORATE_TYPE""}",,EMP-205,11/9/2020 14:46,SYSTEM,,ACTIVE,"{""orgLegalDocumentID"":null,""orgLegalDocumentURL"":null}","[{""orgStructureTPLID"":""OS-1604910121182"",""orgStructureTPLName"":""Bank Artha Graha Kelapa Gading Boulevard (KCP)"",""orgStructureStartDate"":null,""orgStructureEndDate"":null,""isOrgStructureDefault"":true,""orgStructureTag"":""V-1604910121182"",""orgStructureSKNumber"":"""",""orgStructureTPLStatus"":""ACTIVE"",""referenceOrgStructureTPLID"":""STR-1495DEAD""}]",ES-1604908974347,
285,[],,ES-1604910226106,,Bank Artha Graha Sunter (KCP),SUBCO-160491022610646,216401430,"{""bizparKey"":""CORPTYPE-KCP"",""bizparStatus"":""ACTIVE"",""bizparValue"":""KCP"",""bizparCreationalDTO"":{""createdBy"":""SYSTEM"",""createdDate"":""19-01-2020 14:45:07"",""modifiedBy"":"""",""modifiedDate"":null},""bizparCategory"":""CORPORATE_TYPE""}",,EMP-205,11/9/2020 14:46,SYSTEM,,ACTIVE,"{""orgLegalDocumentID"":null,""orgLegalDocumentURL"":null}","[{""orgStructureTPLID"":""OS-1604910276454"",""orgStructureTPLName"":""Bank Artha Graha Sunter (KCP)"",""orgStructureStartDate"":null,""orgStructureEndDate"":null,""isOrgStructureDefault"":true,""orgStructureTag"":""V-1604910276455"",""orgStructureSKNumber"":"""",""orgStructureTPLStatus"":""ACTIVE"",""referenceOrgStructureTPLID"":""STR-F8DE8F17""}]",ES-1604908974347,
286,[],,ES-1604910303163,,Bank Artha Graha PIK - Tzu Chi (KK),SUBCO-160491030316303,2129316391,"{""bizparKey"":""CORPTYPE-KK"",""bizparStatus"":""ACTIVE"",""bizparValue"":""KK"",""bizparCreationalDTO"":{""createdBy"":""SYSTEM"",""createdDate"":""19-01-2020 14:45:07"",""modifiedBy"":"""",""modifiedDate"":null},""bizparCategory"":""CORPORATE_TYPE""}",,EMP-205,11/9/2020 14:46,SYSTEM,,ACTIVE,"{""orgLegalDocumentID"":null,""orgLegalDocumentURL"":null}","[{""orgStructureTPLID"":""OS-1604910388157"",""orgStructureTPLName"":""Bank Artha Graha PIK - Tzu Chi (KK)"",""orgStructureStartDate"":null,""orgStructureEndDate"":null,""isOrgStructureDefault"":true,""orgStructureTag"":""V-1604910388157"",""orgStructureSKNumber"":"""",""orgStructureTPLStatus"":""ACTIVE"",""referenceOrgStructureTPLID"":""STR-4261C557""}]",ES-1604908974347,
