"id","company","facilities","createdby","createddate","modifiedby","modifieddate","facilityid","facilityname","facilitynotes","facilityphotourl","facilitystatus","facilitydestination","facilitytemplatetype"
11,"{""esID"":""ES-1579352234417"",""esSubcoID"":""SUBCO-157935223441714"",""esName"":""Bank Artha Graha Sudirman (KPNO)""}","[{""facilityDetailID"":""FACDET-1580364586043"",""facilityDetailNotes"":"""",""facilityDetailQty"":1,""facilityType"":{""bizparKey"":""FATYPE-004"",""bizparStatus"":""ACTIVE"",""bizparValue"":""KENDARAAN OPERASIONAL"",""bizparCreationalDTO"":{""createdBy"":""EMP-205"",""createdDate"":""23-01-2020 11:41:42"",""modifiedBy"":""EMP-205"",""modifiedDate"":null},""bizparCategory"":""FACILITY_TYPE""},""facilitycategory"":{""bizparKey"":""FATYPE-004-FACAT-002"",""bizparStatus"":""ACTIVE"",""bizparValue"":""MOTOR"",""bizparCreationalDTO"":{""createdBy"":""EMP-205"",""createdDate"":""23-01-2020 11:41:42"",""modifiedBy"":""EMP-205"",""modifiedDate"":null},""bizparCategory"":""FACILITY_CATEGORY""}},{""facilityDetailID"":""FACDET-1580364596440"",""facilityDetailNotes"":"""",""facilityDetailQty"":1,""facilityType"":{""bizparKey"":""FACTYP-003"",""bizparStatus"":""ACTIVE"",""bizparValue"":""ATK"",""bizparCreationalDTO"":{""createdBy"":""SYSTEM"",""createdDate"":""29-10-2019 09:39:03"",""modifiedBy"":null,""modifiedDate"":null},""bizparCategory"":""FACILITY_TYPE""},""facilitycategory"":{""bizparKey"":""FACTYP-003-FACCAT-004"",""bizparStatus"":""ACTIVE"",""bizparValue"":""PERSONAL COMPUTER"",""bizparCreationalDTO"":{""createdBy"":""SYSTEM"",""createdDate"":""15-11-2019 09:42:39"",""modifiedBy"":null,""modifiedDate"":null},""bizparCategory"":""FACILITY_CATEGORY""}},{""facilityDetailID"":""FACDET-1580364611973"",""facilityDetailNotes"":"""",""facilityDetailQty"":1,""facilityType"":{""bizparKey"":""FACTYP-003"",""bizparStatus"":""ACTIVE"",""bizparValue"":""ATK"",""bizparCreationalDTO"":{""createdBy"":""SYSTEM"",""createdDate"":""29-10-2019 09:39:03"",""modifiedBy"":null,""modifiedDate"":null},""bizparCategory"":""FACILITY_TYPE""},""facilitycategory"":{""bizparKey"":""FACTYP-003-FACCAT-005"",""bizparStatus"":""ACTIVE"",""bizparValue"":""BINDEX"",""bizparCreationalDTO"":{""createdBy"":""SYSTEM"",""createdDate"":""15-11-2019 09:42:39"",""modifiedBy"":""SYSTEM"",""modifiedDate"":""18-11-2019 10:44:21""},""bizparCategory"":""FACILITY_CATEGORY""}},{""facilityDetailID"":""FACDET-1580364624517"",""facilityDetailNotes"":"""",""facilityDetailQty"":1,""facilityType"":{""bizparKey"":""FACTYP-003"",""bizparStatus"":""ACTIVE"",""bizparValue"":""ATK"",""bizparCreationalDTO"":{""createdBy"":""SYSTEM"",""createdDate"":""29-10-2019 09:39:03"",""modifiedBy"":null,""modifiedDate"":null},""bizparCategory"":""FACILITY_TYPE""},""facilitycategory"":{""bizparKey"":""FACTYP-003-FACCAT-002"",""bizparStatus"":""ACTIVE"",""bizparValue"":""MEJA KERJA"",""bizparCreationalDTO"":{""createdBy"":""SYSTEM"",""createdDate"":""31-10-2019 08:03:59"",""modifiedBy"":null,""modifiedDate"":null},""bizparCategory"":""FACILITY_CATEGORY""}},{""facilityDetailID"":""FACDET-1580364638711"",""facilityDetailNotes"":"""",""facilityDetailQty"":3,""facilityType"":{""bizparKey"":""FACTYP-002"",""bizparStatus"":""ACTIVE"",""bizparValue"":""SERAGAM"",""bizparCreationalDTO"":{""createdBy"":""SYSTEM"",""createdDate"":""19-08-2019 08:23:51"",""modifiedBy"":null,""modifiedDate"":null},""bizparCategory"":""FACILITY_TYPE""},""facilitycategory"":{""bizparKey"":""FACTYP-002-FACCAT-002"",""bizparStatus"":""ACTIVE"",""bizparValue"":""SERAGAM TIGA STEL"",""bizparCreationalDTO"":{""createdBy"":""SYSTEM"",""createdDate"":""19-08-2019 08:24:40"",""modifiedBy"":null,""modifiedDate"":null},""bizparCategory"":""FACILITY_CATEGORY""}},{""facilityDetailID"":""FACDET-1580364648551"",""facilityDetailNotes"":"""",""facilityDetailQty"":1,""facilityType"":{""bizparKey"":""FACTYP-001"",""bizparStatus"":""ACTIVE"",""bizparValue"":""ID CARD"",""bizparCreationalDTO"":{""createdBy"":""SYSTEM"",""createdDate"":""19-08-2019 08:23:41"",""modifiedBy"":null,""modifiedDate"":null},""bizparCategory"":""FACILITY_TYPE""},""facilitycategory"":{""bizparKey"":""FACTYP-001-FACCAT-001"",""bizparStatus"":""ACTIVE"",""bizparValue"":""ID CARD"",""bizparCreationalDTO"":{""createdBy"":""SYSTEM"",""createdDate"":""05-11-2019 14:15:01"",""modifiedBy"":null,""modifiedDate"":null},""bizparCategory"":""FACILITY_CATEGORY""}}]",EMP-205,2020-01-29 19:30:33,SYSTEM,2020-01-30 13:10:48,FAC-1580364059814,FACILITY EXECUTIVE OFFICER,"","",ACTIVE,,
9,"{""esID"":""ES-1579352234417"",""esSubcoID"":""SUBCO-157935223441714"",""esName"":""Bank Artha Graha Sudirman (KPNO)""}","[{""facilityDetailID"":""FACDET-1580364256279"",""facilityDetailNotes"":"""",""facilityDetailQty"":1,""facilityType"":{""bizparKey"":""FATYPE-004"",""bizparStatus"":""ACTIVE"",""bizparValue"":""KENDARAAN OPERASIONAL"",""bizparCreationalDTO"":{""createdBy"":""EMP-205"",""createdDate"":""23-01-2020 11:41:42"",""modifiedBy"":""EMP-205"",""modifiedDate"":null},""bizparCategory"":""FACILITY_TYPE""},""facilitycategory"":{""bizparKey"":""FATYPE-004-FACAT-001"",""bizparStatus"":""ACTIVE"",""bizparValue"":""MOBIL"",""bizparCreationalDTO"":{""createdBy"":""EMP-205"",""createdDate"":""23-01-2020 11:41:42"",""modifiedBy"":""EMP-205"",""modifiedDate"":null},""bizparCategory"":""FACILITY_CATEGORY""}},{""facilityDetailID"":""FACDET-1580364269255"",""facilityDetailNotes"":"""",""facilityDetailQty"":1,""facilityType"":{""bizparKey"":""FACTYP-003"",""bizparStatus"":""ACTIVE"",""bizparValue"":""ATK"",""bizparCreationalDTO"":{""createdBy"":""SYSTEM"",""createdDate"":""29-10-2019 09:39:03"",""modifiedBy"":null,""modifiedDate"":null},""bizparCategory"":""FACILITY_TYPE""},""facilitycategory"":{""bizparKey"":""FACTYP-003-FACCAT-004"",""bizparStatus"":""ACTIVE"",""bizparValue"":""PERSONAL COMPUTER"",""bizparCreationalDTO"":{""createdBy"":""SYSTEM"",""createdDate"":""15-11-2019 09:42:39"",""modifiedBy"":null,""modifiedDate"":null},""bizparCategory"":""FACILITY_CATEGORY""}},{""facilityDetailID"":""FACDET-1580364437324"",""facilityDetailNotes"":"""",""facilityDetailQty"":1,""facilityType"":{""bizparKey"":""FACTYP-003"",""bizparStatus"":""ACTIVE"",""bizparValue"":""ATK"",""bizparCreationalDTO"":{""createdBy"":""SYSTEM"",""createdDate"":""29-10-2019 09:39:03"",""modifiedBy"":null,""modifiedDate"":null},""bizparCategory"":""FACILITY_TYPE""},""facilitycategory"":{""bizparKey"":""FACTYP-003-FACCAT-005"",""bizparStatus"":""ACTIVE"",""bizparValue"":""BINDEX"",""bizparCreationalDTO"":{""createdBy"":""SYSTEM"",""createdDate"":""15-11-2019 09:42:39"",""modifiedBy"":""SYSTEM"",""modifiedDate"":""18-11-2019 10:44:21""},""bizparCategory"":""FACILITY_CATEGORY""}},{""facilityDetailID"":""FACDET-1580364450542"",""facilityDetailNotes"":"""",""facilityDetailQty"":1,""facilityType"":{""bizparKey"":""FACTYP-003"",""bizparStatus"":""ACTIVE"",""bizparValue"":""ATK"",""bizparCreationalDTO"":{""createdBy"":""SYSTEM"",""createdDate"":""29-10-2019 09:39:03"",""modifiedBy"":null,""modifiedDate"":null},""bizparCategory"":""FACILITY_TYPE""},""facilitycategory"":{""bizparKey"":""FACTYP-003-FACCAT-002"",""bizparStatus"":""ACTIVE"",""bizparValue"":""MEJA KERJA"",""bizparCreationalDTO"":{""createdBy"":""SYSTEM"",""createdDate"":""31-10-2019 08:03:59"",""modifiedBy"":null,""modifiedDate"":null},""bizparCategory"":""FACILITY_CATEGORY""}},{""facilityDetailID"":""FACDET-1580364466045"",""facilityDetailNotes"":"""",""facilityDetailQty"":1,""facilityType"":{""bizparKey"":""FACTYP-003"",""bizparStatus"":""ACTIVE"",""bizparValue"":""ATK"",""bizparCreationalDTO"":{""createdBy"":""SYSTEM"",""createdDate"":""29-10-2019 09:39:03"",""modifiedBy"":null,""modifiedDate"":null},""bizparCategory"":""FACILITY_TYPE""},""facilitycategory"":{""bizparKey"":""FACTYP-003-FACCAT-001"",""bizparStatus"":""ACTIVE"",""bizparValue"":""LAPTOP"",""bizparCreationalDTO"":{""createdBy"":""SYSTEM"",""createdDate"":""29-10-2019 09:39:03"",""modifiedBy"":null,""modifiedDate"":null},""bizparCategory"":""FACILITY_CATEGORY""}},{""facilityDetailID"":""FACDET-1580364480547"",""facilityDetailNotes"":"""",""facilityDetailQty"":2,""facilityType"":{""bizparKey"":""FACTYP-002"",""bizparStatus"":""ACTIVE"",""bizparValue"":""SERAGAM"",""bizparCreationalDTO"":{""createdBy"":""SYSTEM"",""createdDate"":""19-08-2019 08:23:51"",""modifiedBy"":null,""modifiedDate"":null},""bizparCategory"":""FACILITY_TYPE""},""facilitycategory"":{""bizparKey"":""FACTYP-002-FACCAT-001"",""bizparStatus"":""ACTIVE"",""bizparValue"":""SERAGAM DUA STEL"",""bizparCreationalDTO"":{""createdBy"":""SYSTEM"",""createdDate"":""19-08-2019 08:24:26"",""modifiedBy"":null,""modifiedDate"":null},""bizparCategory"":""FACILITY_CATEGORY""}},{""facilityDetailID"":""FACDET-1580364496027"",""facilityDetailNotes"":"""",""facilityDetailQty"":1,""facilityType"":{""bizparKey"":""FACTYP-001"",""bizparStatus"":""ACTIVE"",""bizparValue"":""ID CARD"",""bizparCreationalDTO"":{""createdBy"":""SYSTEM"",""createdDate"":""19-08-2019 08:23:41"",""modifiedBy"":null,""modifiedDate"":null},""bizparCategory"":""FACILITY_TYPE""},""facilitycategory"":{""bizparKey"":""FACTYP-001-FACCAT-001"",""bizparStatus"":""ACTIVE"",""bizparValue"":""ID CARD"",""bizparCreationalDTO"":{""createdBy"":""SYSTEM"",""createdDate"":""05-11-2019 14:15:01"",""modifiedBy"":null,""modifiedDate"":null},""bizparCategory"":""FACILITY_CATEGORY""}}]",EMP-205,2020-01-29 19:30:33,SYSTEM,2020-01-30 13:08:16,FAC-1580364047164,FACILITY DIREKSI,"","",ACTIVE,,
13,"{""esID"":""ES-1579352234417"",""esSubcoID"":""SUBCO-157935223441714"",""esName"":""Bank Artha Graha Sudirman (KPNO)""}","[{""facilityDetailID"":""FACDET-1580364820775"",""facilityDetailNotes"":"""",""facilityDetailQty"":1,""facilityType"":{""bizparKey"":""FATYPE-004"",""bizparStatus"":""ACTIVE"",""bizparValue"":""KENDARAAN OPERASIONAL"",""bizparCreationalDTO"":{""createdBy"":""EMP-205"",""createdDate"":""23-01-2020 11:41:42"",""modifiedBy"":""EMP-205"",""modifiedDate"":null},""bizparCategory"":""FACILITY_TYPE""},""facilitycategory"":{""bizparKey"":""FATYPE-004-FACAT-002"",""bizparStatus"":""ACTIVE"",""bizparValue"":""MOTOR"",""bizparCreationalDTO"":{""createdBy"":""EMP-205"",""createdDate"":""23-01-2020 11:41:42"",""modifiedBy"":""EMP-205"",""modifiedDate"":null},""bizparCategory"":""FACILITY_CATEGORY""}},{""facilityDetailID"":""FACDET-1580364827857"",""facilityDetailNotes"":"""",""facilityDetailQty"":1,""facilityType"":{""bizparKey"":""FACTYP-003"",""bizparStatus"":""ACTIVE"",""bizparValue"":""ATK"",""bizparCreationalDTO"":{""createdBy"":""SYSTEM"",""createdDate"":""29-10-2019 09:39:03"",""modifiedBy"":null,""modifiedDate"":null},""bizparCategory"":""FACILITY_TYPE""},""facilitycategory"":{""bizparKey"":""FACTYP-003-FACCAT-004"",""bizparStatus"":""ACTIVE"",""bizparValue"":""PERSONAL COMPUTER"",""bizparCreationalDTO"":{""createdBy"":""SYSTEM"",""createdDate"":""15-11-2019 09:42:39"",""modifiedBy"":null,""modifiedDate"":null},""bizparCategory"":""FACILITY_CATEGORY""}},{""facilityDetailID"":""FACDET-1580364841983"",""facilityDetailNotes"":"""",""facilityDetailQty"":1,""facilityType"":{""bizparKey"":""FACTYP-003"",""bizparStatus"":""ACTIVE"",""bizparValue"":""ATK"",""bizparCreationalDTO"":{""createdBy"":""SYSTEM"",""createdDate"":""29-10-2019 09:39:03"",""modifiedBy"":null,""modifiedDate"":null},""bizparCategory"":""FACILITY_TYPE""},""facilitycategory"":{""bizparKey"":""FACTYP-003-FACCAT-005"",""bizparStatus"":""ACTIVE"",""bizparValue"":""BINDEX"",""bizparCreationalDTO"":{""createdBy"":""SYSTEM"",""createdDate"":""15-11-2019 09:42:39"",""modifiedBy"":""SYSTEM"",""modifiedDate"":""18-11-2019 10:44:21""},""bizparCategory"":""FACILITY_CATEGORY""}},{""facilityDetailID"":""FACDET-1580364852607"",""facilityDetailNotes"":"""",""facilityDetailQty"":1,""facilityType"":{""bizparKey"":""FACTYP-003"",""bizparStatus"":""ACTIVE"",""bizparValue"":""ATK"",""bizparCreationalDTO"":{""createdBy"":""SYSTEM"",""createdDate"":""29-10-2019 09:39:03"",""modifiedBy"":null,""modifiedDate"":null},""bizparCategory"":""FACILITY_TYPE""},""facilitycategory"":{""bizparKey"":""FACTYP-003-FACCAT-002"",""bizparStatus"":""ACTIVE"",""bizparValue"":""MEJA KERJA"",""bizparCreationalDTO"":{""createdBy"":""SYSTEM"",""createdDate"":""31-10-2019 08:03:59"",""modifiedBy"":null,""modifiedDate"":null},""bizparCategory"":""FACILITY_CATEGORY""}},{""facilityDetailID"":""FACDET-1580364868249"",""facilityDetailNotes"":"""",""facilityDetailQty"":1,""facilityType"":{""bizparKey"":""FACTYP-003"",""bizparStatus"":""ACTIVE"",""bizparValue"":""ATK"",""bizparCreationalDTO"":{""createdBy"":""SYSTEM"",""createdDate"":""29-10-2019 09:39:03"",""modifiedBy"":null,""modifiedDate"":null},""bizparCategory"":""FACILITY_TYPE""},""facilitycategory"":{""bizparKey"":""FACTYP-003-FACCAT-003"",""bizparStatus"":""ACTIVE"",""bizparValue"":""LOKER KARYAWAN"",""bizparCreationalDTO"":{""createdBy"":""SYSTEM"",""createdDate"":""31-10-2019 08:03:59"",""modifiedBy"":null,""modifiedDate"":null},""bizparCategory"":""FACILITY_CATEGORY""}},{""facilityDetailID"":""FACDET-1580364878395"",""facilityDetailNotes"":"""",""facilityDetailQty"":3,""facilityType"":{""bizparKey"":""FACTYP-002"",""bizparStatus"":""ACTIVE"",""bizparValue"":""SERAGAM"",""bizparCreationalDTO"":{""createdBy"":""SYSTEM"",""createdDate"":""19-08-2019 08:23:51"",""modifiedBy"":null,""modifiedDate"":null},""bizparCategory"":""FACILITY_TYPE""},""facilitycategory"":{""bizparKey"":""FACTYP-002-FACCAT-002"",""bizparStatus"":""ACTIVE"",""bizparValue"":""SERAGAM TIGA STEL"",""bizparCreationalDTO"":{""createdBy"":""SYSTEM"",""createdDate"":""19-08-2019 08:24:40"",""modifiedBy"":null,""modifiedDate"":null},""bizparCategory"":""FACILITY_CATEGORY""}},{""facilityDetailID"":""FACDET-1580364892453"",""facilityDetailNotes"":"""",""facilityDetailQty"":1,""facilityType"":{""bizparKey"":""FACTYP-001"",""bizparStatus"":""ACTIVE"",""bizparValue"":""ID CARD"",""bizparCreationalDTO"":{""createdBy"":""SYSTEM"",""createdDate"":""19-08-2019 08:23:41"",""modifiedBy"":null,""modifiedDate"":null},""bizparCategory"":""FACILITY_TYPE""},""facilitycategory"":{""bizparKey"":""FACTYP-001-FACCAT-001"",""bizparStatus"":""ACTIVE"",""bizparValue"":""ID CARD"",""bizparCreationalDTO"":{""createdBy"":""SYSTEM"",""createdDate"":""05-11-2019 14:15:01"",""modifiedBy"":null,""modifiedDate"":null},""bizparCategory"":""FACILITY_CATEGORY""}}]",EMP-205,2020-01-29 19:30:33,SYSTEM,2020-01-30 13:14:52,FAC-1580364076974,FACILITY STAFF,"","",ACTIVE,,
8,"{""esID"":""ES-1579352234417"",""esSubcoID"":""SUBCO-157935223441714"",""esName"":""Bank Artha Graha Sudirman (KPNO)""}","[{""facilityDetailID"":""FACDET-1580364124528"",""facilityDetailNotes"":"""",""facilityDetailQty"":1,""facilityType"":{""bizparKey"":""FATYPE-004"",""bizparStatus"":""ACTIVE"",""bizparValue"":""KENDARAAN OPERASIONAL"",""bizparCreationalDTO"":{""createdBy"":""EMP-205"",""createdDate"":""23-01-2020 11:41:42"",""modifiedBy"":""EMP-205"",""modifiedDate"":null},""bizparCategory"":""FACILITY_TYPE""},""facilitycategory"":{""bizparKey"":""FATYPE-004-FACAT-001"",""bizparStatus"":""ACTIVE"",""bizparValue"":""MOBIL"",""bizparCreationalDTO"":{""createdBy"":""EMP-205"",""createdDate"":""23-01-2020 11:41:42"",""modifiedBy"":""EMP-205"",""modifiedDate"":null},""bizparCategory"":""FACILITY_CATEGORY""}},{""facilityDetailID"":""FACDET-1580364136534"",""facilityDetailNotes"":"""",""facilityDetailQty"":1,""facilityType"":{""bizparKey"":""FACTYP-003"",""bizparStatus"":""ACTIVE"",""bizparValue"":""ATK"",""bizparCreationalDTO"":{""createdBy"":""SYSTEM"",""createdDate"":""29-10-2019 09:39:03"",""modifiedBy"":null,""modifiedDate"":null},""bizparCategory"":""FACILITY_TYPE""},""facilitycategory"":{""bizparKey"":""FACTYP-003-FACCAT-004"",""bizparStatus"":""ACTIVE"",""bizparValue"":""PERSONAL COMPUTER"",""bizparCreationalDTO"":{""createdBy"":""SYSTEM"",""createdDate"":""15-11-2019 09:42:39"",""modifiedBy"":null,""modifiedDate"":null},""bizparCategory"":""FACILITY_CATEGORY""}},{""facilityDetailID"":""FACDET-1580364145832"",""facilityDetailNotes"":"""",""facilityDetailQty"":1,""facilityType"":{""bizparKey"":""FACTYP-003"",""bizparStatus"":""ACTIVE"",""bizparValue"":""ATK"",""bizparCreationalDTO"":{""createdBy"":""SYSTEM"",""createdDate"":""29-10-2019 09:39:03"",""modifiedBy"":null,""modifiedDate"":null},""bizparCategory"":""FACILITY_TYPE""},""facilitycategory"":{""bizparKey"":""FACTYP-003-FACCAT-005"",""bizparStatus"":""ACTIVE"",""bizparValue"":""BINDEX"",""bizparCreationalDTO"":{""createdBy"":""SYSTEM"",""createdDate"":""15-11-2019 09:42:39"",""modifiedBy"":""SYSTEM"",""modifiedDate"":""18-11-2019 10:44:21""},""bizparCategory"":""FACILITY_CATEGORY""}},{""facilityDetailID"":""FACDET-1580364159269"",""facilityDetailNotes"":"""",""facilityDetailQty"":1,""facilityType"":{""bizparKey"":""FACTYP-003"",""bizparStatus"":""ACTIVE"",""bizparValue"":""ATK"",""bizparCreationalDTO"":{""createdBy"":""SYSTEM"",""createdDate"":""29-10-2019 09:39:03"",""modifiedBy"":null,""modifiedDate"":null},""bizparCategory"":""FACILITY_TYPE""},""facilitycategory"":{""bizparKey"":""FACTYP-003-FACCAT-002"",""bizparStatus"":""ACTIVE"",""bizparValue"":""MEJA KERJA"",""bizparCreationalDTO"":{""createdBy"":""SYSTEM"",""createdDate"":""31-10-2019 08:03:59"",""modifiedBy"":null,""modifiedDate"":null},""bizparCategory"":""FACILITY_CATEGORY""}},{""facilityDetailID"":""FACDET-1580364195208"",""facilityDetailNotes"":"""",""facilityDetailQty"":1,""facilityType"":{""bizparKey"":""FACTYP-003"",""bizparStatus"":""ACTIVE"",""bizparValue"":""ATK"",""bizparCreationalDTO"":{""createdBy"":""SYSTEM"",""createdDate"":""29-10-2019 09:39:03"",""modifiedBy"":null,""modifiedDate"":null},""bizparCategory"":""FACILITY_TYPE""},""facilitycategory"":{""bizparKey"":""FACTYP-003-FACCAT-001"",""bizparStatus"":""ACTIVE"",""bizparValue"":""LAPTOP"",""bizparCreationalDTO"":{""createdBy"":""SYSTEM"",""createdDate"":""29-10-2019 09:39:03"",""modifiedBy"":null,""modifiedDate"":null},""bizparCategory"":""FACILITY_CATEGORY""}},{""facilityDetailID"":""FACDET-1580364233318"",""facilityDetailNotes"":"""",""facilityDetailQty"":2,""facilityType"":{""bizparKey"":""FACTYP-002"",""bizparStatus"":""ACTIVE"",""bizparValue"":""SERAGAM"",""bizparCreationalDTO"":{""createdBy"":""SYSTEM"",""createdDate"":""19-08-2019 08:23:51"",""modifiedBy"":null,""modifiedDate"":null},""bizparCategory"":""FACILITY_TYPE""},""facilitycategory"":{""bizparKey"":""FACTYP-002-FACCAT-001"",""bizparStatus"":""ACTIVE"",""bizparValue"":""SERAGAM DUA STEL"",""bizparCreationalDTO"":{""createdBy"":""SYSTEM"",""createdDate"":""19-08-2019 08:24:26"",""modifiedBy"":null,""modifiedDate"":null},""bizparCategory"":""FACILITY_CATEGORY""}},{""facilityDetailID"":""FACDET-1580364243994"",""facilityDetailNotes"":"""",""facilityDetailQty"":1,""facilityType"":{""bizparKey"":""FACTYP-001"",""bizparStatus"":""ACTIVE"",""bizparValue"":""ID CARD"",""bizparCreationalDTO"":{""createdBy"":""SYSTEM"",""createdDate"":""19-08-2019 08:23:41"",""modifiedBy"":null,""modifiedDate"":null},""bizparCategory"":""FACILITY_TYPE""},""facilitycategory"":{""bizparKey"":""FACTYP-001-FACCAT-001"",""bizparStatus"":""ACTIVE"",""bizparValue"":""ID CARD"",""bizparCreationalDTO"":{""createdBy"":""SYSTEM"",""createdDate"":""05-11-2019 14:15:01"",""modifiedBy"":null,""modifiedDate"":null},""bizparCategory"":""FACILITY_CATEGORY""}}]",EMP-205,2020-01-29 19:30:33,SYSTEM,2020-01-30 13:04:44,FAC-1580363942678,FACILITY KOMISARIS,"","",ACTIVE,,"{""bizparKey"":""FAC-TEMP-TYP-001"",""bizparStatus"":""ACTIVE"",""bizparValue"":""Luar Kota"",""bizparCreationalDTO"":{""createdBy"":""SYSTEM"",""createdDate"":""26-10-2020 16:32:14"",""modifiedBy"":null,""modifiedDate"":null},""bizparCategory"":""FACILITY_TEMPLATE_TYPE""}"
12,"{""esID"":""ES-1579352234417"",""esSubcoID"":""SUBCO-157935223441714"",""esName"":""Bank Artha Graha Sudirman (KPNO)""}","[{""facilityDetailID"":""FACDET-1580364706856"",""facilityDetailNotes"":"""",""facilityDetailQty"":1,""facilityType"":null,""facilitycategory"":null},{""facilityDetailID"":""FACDET-1580364720701"",""facilityDetailNotes"":"""",""facilityDetailQty"":1,""facilityType"":{""bizparKey"":""FACTYP-003"",""bizparStatus"":""ACTIVE"",""bizparValue"":""ATK"",""bizparCreationalDTO"":{""createdBy"":""SYSTEM"",""createdDate"":""29-10-2019 09:39:03"",""modifiedBy"":null,""modifiedDate"":null},""bizparCategory"":""FACILITY_TYPE""},""facilitycategory"":{""bizparKey"":""FACTYP-003-FACCAT-004"",""bizparStatus"":""ACTIVE"",""bizparValue"":""PERSONAL COMPUTER"",""bizparCreationalDTO"":{""createdBy"":""SYSTEM"",""createdDate"":""15-11-2019 09:42:39"",""modifiedBy"":null,""modifiedDate"":null},""bizparCategory"":""FACILITY_CATEGORY""}},{""facilityDetailID"":""FACDET-1580364729521"",""facilityDetailNotes"":"""",""facilityDetailQty"":1,""facilityType"":{""bizparKey"":""FACTYP-003"",""bizparStatus"":""ACTIVE"",""bizparValue"":""ATK"",""bizparCreationalDTO"":{""createdBy"":""SYSTEM"",""createdDate"":""29-10-2019 09:39:03"",""modifiedBy"":null,""modifiedDate"":null},""bizparCategory"":""FACILITY_TYPE""},""facilitycategory"":{""bizparKey"":""FACTYP-003-FACCAT-005"",""bizparStatus"":""ACTIVE"",""bizparValue"":""BINDEX"",""bizparCreationalDTO"":{""createdBy"":""SYSTEM"",""createdDate"":""15-11-2019 09:42:39"",""modifiedBy"":""SYSTEM"",""modifiedDate"":""18-11-2019 10:44:21""},""bizparCategory"":""FACILITY_CATEGORY""}},{""facilityDetailID"":""FACDET-1580364749755"",""facilityDetailNotes"":"""",""facilityDetailQty"":1,""facilityType"":{""bizparKey"":""FACTYP-003"",""bizparStatus"":""ACTIVE"",""bizparValue"":""ATK"",""bizparCreationalDTO"":{""createdBy"":""SYSTEM"",""createdDate"":""29-10-2019 09:39:03"",""modifiedBy"":null,""modifiedDate"":null},""bizparCategory"":""FACILITY_TYPE""},""facilitycategory"":{""bizparKey"":""FACTYP-003-FACCAT-002"",""bizparStatus"":""ACTIVE"",""bizparValue"":""MEJA KERJA"",""bizparCreationalDTO"":{""createdBy"":""SYSTEM"",""createdDate"":""31-10-2019 08:03:59"",""modifiedBy"":null,""modifiedDate"":null},""bizparCategory"":""FACILITY_CATEGORY""}},{""facilityDetailID"":""FACDET-1580364764953"",""facilityDetailNotes"":"""",""facilityDetailQty"":1,""facilityType"":{""bizparKey"":""FACTYP-003"",""bizparStatus"":""ACTIVE"",""bizparValue"":""ATK"",""bizparCreationalDTO"":{""createdBy"":""SYSTEM"",""createdDate"":""29-10-2019 09:39:03"",""modifiedBy"":null,""modifiedDate"":null},""bizparCategory"":""FACILITY_TYPE""},""facilitycategory"":{""bizparKey"":""FACTYP-003-FACCAT-003"",""bizparStatus"":""ACTIVE"",""bizparValue"":""LOKER KARYAWAN"",""bizparCreationalDTO"":{""createdBy"":""SYSTEM"",""createdDate"":""31-10-2019 08:03:59"",""modifiedBy"":null,""modifiedDate"":null},""bizparCategory"":""FACILITY_CATEGORY""}},{""facilityDetailID"":""FACDET-1580364779751"",""facilityDetailNotes"":"""",""facilityDetailQty"":3,""facilityType"":{""bizparKey"":""FACTYP-002"",""bizparStatus"":""ACTIVE"",""bizparValue"":""SERAGAM"",""bizparCreationalDTO"":{""createdBy"":""SYSTEM"",""createdDate"":""19-08-2019 08:23:51"",""modifiedBy"":null,""modifiedDate"":null},""bizparCategory"":""FACILITY_TYPE""},""facilitycategory"":{""bizparKey"":""FACTYP-002-FACCAT-002"",""bizparStatus"":""ACTIVE"",""bizparValue"":""SERAGAM TIGA STEL"",""bizparCreationalDTO"":{""createdBy"":""SYSTEM"",""createdDate"":""19-08-2019 08:24:40"",""modifiedBy"":null,""modifiedDate"":null},""bizparCategory"":""FACILITY_CATEGORY""}},{""facilityDetailID"":""FACDET-1580364790589"",""facilityDetailNotes"":"""",""facilityDetailQty"":1,""facilityType"":{""bizparKey"":""FACTYP-001"",""bizparStatus"":""ACTIVE"",""bizparValue"":""ID CARD"",""bizparCreationalDTO"":{""createdBy"":""SYSTEM"",""createdDate"":""19-08-2019 08:23:41"",""modifiedBy"":null,""modifiedDate"":null},""bizparCategory"":""FACILITY_TYPE""},""facilitycategory"":{""bizparKey"":""FACTYP-001-FACCAT-001"",""bizparStatus"":""ACTIVE"",""bizparValue"":""ID CARD"",""bizparCreationalDTO"":{""createdBy"":""SYSTEM"",""createdDate"":""05-11-2019 14:15:01"",""modifiedBy"":null,""modifiedDate"":null},""bizparCategory"":""FACILITY_CATEGORY""}}]",EMP-205,2020-01-29 19:30:33,SYSTEM,2020-01-30 13:13:10,FAC-1580364069124,FACILITY SENIOR OFFICER,"","",ACTIVE,,
36,"{""esID"":""ES-1579352234417"",""esSubcoID"":""SUBCO-157935223441714"",""esName"":""Bank Artha Graha Sudirman (KPNO)""}",,EMP-001791,2020-08-26 09:43:10,EMP-001791,,FAC-1598409790326,FACILITY HEAD,"","",ACTIVE,,
37,"{""esID"":""ES-1579352234417"",""esSubcoID"":""SUBCO-157935223441714"",""esName"":""Bank Artha Graha Sudirman (KPNO)""}",,EMP-001791,2020-08-26 09:44:14,EMP-001791,,FAC-1598409854358,FACILITY SENIOR STAFF,"","",ACTIVE,,
10,"{""esID"":""ES-1579352234417"",""esSubcoID"":""SUBCO-157935223441714"",""esName"":""Bank Artha Graha Sudirman (KPNO)""}","[{""facilityDetailID"":""FACDET-1580364315337"",""facilityDetailNotes"":"""",""facilityDetailQty"":1,""facilityType"":null,""facilitycategory"":null},{""facilityDetailID"":""FACDET-1580364326602"",""facilityDetailNotes"":"""",""facilityDetailQty"":1,""facilityType"":{""bizparKey"":""FACTYP-003"",""bizparStatus"":""ACTIVE"",""bizparValue"":""ATK"",""bizparCreationalDTO"":{""createdBy"":""SYSTEM"",""createdDate"":""29-10-2019 09:39:03"",""modifiedBy"":null,""modifiedDate"":null},""bizparCategory"":""FACILITY_TYPE""},""facilitycategory"":{""bizparKey"":""FACTYP-003-FACCAT-004"",""bizparStatus"":""ACTIVE"",""bizparValue"":""PERSONAL COMPUTER"",""bizparCreationalDTO"":{""createdBy"":""SYSTEM"",""createdDate"":""15-11-2019 09:42:39"",""modifiedBy"":null,""modifiedDate"":null},""bizparCategory"":""FACILITY_CATEGORY""}},{""facilityDetailID"":""FACDET-1580364336376"",""facilityDetailNotes"":"""",""facilityDetailQty"":1,""facilityType"":{""bizparKey"":""FACTYP-003"",""bizparStatus"":""ACTIVE"",""bizparValue"":""ATK"",""bizparCreationalDTO"":{""createdBy"":""SYSTEM"",""createdDate"":""29-10-2019 09:39:03"",""modifiedBy"":null,""modifiedDate"":null},""bizparCategory"":""FACILITY_TYPE""},""facilitycategory"":{""bizparKey"":""FACTYP-003-FACCAT-005"",""bizparStatus"":""ACTIVE"",""bizparValue"":""BINDEX"",""bizparCreationalDTO"":{""createdBy"":""SYSTEM"",""createdDate"":""15-11-2019 09:42:39"",""modifiedBy"":""SYSTEM"",""modifiedDate"":""18-11-2019 10:44:21""},""bizparCategory"":""FACILITY_CATEGORY""}},{""facilityDetailID"":""FACDET-1580364348652"",""facilityDetailNotes"":"""",""facilityDetailQty"":1,""facilityType"":{""bizparKey"":""FACTYP-003"",""bizparStatus"":""ACTIVE"",""bizparValue"":""ATK"",""bizparCreationalDTO"":{""createdBy"":""SYSTEM"",""createdDate"":""29-10-2019 09:39:03"",""modifiedBy"":null,""modifiedDate"":null},""bizparCategory"":""FACILITY_TYPE""},""facilitycategory"":{""bizparKey"":""FACTYP-003-FACCAT-002"",""bizparStatus"":""ACTIVE"",""bizparValue"":""MEJA KERJA"",""bizparCreationalDTO"":{""createdBy"":""SYSTEM"",""createdDate"":""31-10-2019 08:03:59"",""modifiedBy"":null,""modifiedDate"":null},""bizparCategory"":""FACILITY_CATEGORY""}},{""facilityDetailID"":""FACDET-1580364369035"",""facilityDetailNotes"":"""",""facilityDetailQty"":3,""facilityType"":{""bizparKey"":""FACTYP-002"",""bizparStatus"":""ACTIVE"",""bizparValue"":""SERAGAM"",""bizparCreationalDTO"":{""createdBy"":""SYSTEM"",""createdDate"":""19-08-2019 08:23:51"",""modifiedBy"":null,""modifiedDate"":null},""bizparCategory"":""FACILITY_TYPE""},""facilitycategory"":{""bizparKey"":""FACTYP-002-FACCAT-002"",""bizparStatus"":""ACTIVE"",""bizparValue"":""SERAGAM TIGA STEL"",""bizparCreationalDTO"":{""createdBy"":""SYSTEM"",""createdDate"":""19-08-2019 08:24:40"",""modifiedBy"":null,""modifiedDate"":null},""bizparCategory"":""FACILITY_CATEGORY""}},{""facilityDetailID"":""FACDET-1580364378110"",""facilityDetailNotes"":"""",""facilityDetailQty"":1,""facilityType"":{""bizparKey"":""FACTYP-001"",""bizparStatus"":""ACTIVE"",""bizparValue"":""ID CARD"",""bizparCreationalDTO"":{""createdBy"":""SYSTEM"",""createdDate"":""19-08-2019 08:23:41"",""modifiedBy"":null,""modifiedDate"":null},""bizparCategory"":""FACILITY_TYPE""},""facilitycategory"":{""bizparKey"":""FACTYP-001-FACCAT-001"",""bizparStatus"":""ACTIVE"",""bizparValue"":""ID CARD"",""bizparCreationalDTO"":{""createdBy"":""SYSTEM"",""createdDate"":""05-11-2019 14:15:01"",""modifiedBy"":null,""modifiedDate"":null},""bizparCategory"":""FACILITY_CATEGORY""}}]",EMP-205,2020-01-29 19:30:33,SYSTEM,2020-01-30 13:09:19,FAC-1580364053624,FACILITY DEPUTI DIREKTUR,"","",ACTIVE,,
62,"{""esID"":""ES-1604913108186"",""esSubcoID"":""SUBCO-160491310818648"",""esName"":""Bank Artha Graha Rivai Palembang (KCI)""}",,EMP-095679,2020-11-30 13:43:09,EMP-095679,,FAC-1606718589095,test,"","",ACTIVE,"{""destinationKey"":null,""destinationName"":null}","{""bizparKey"":""FAC-TEMP-TYP-001"",""bizparStatus"":""ACTIVE"",""bizparValue"":""Dalam Kota"",""bizparCreationalDTO"":{""createdBy"":""SYSTEM"",""createdDate"":""09-10-2020 04:08:57"",""modifiedBy"":""EMP-205"",""modifiedDate"":""16-10-2020 21:57:45""},""bizparCategory"":""FACILITY_TEMPLATE_TYPE""}"
50,"{""esID"":""ES-1604890793920"",""esSubcoID"":""SUBCO-160489079392053"",""esName"":""Bank Artha Graha Sudirman (KPNO)""}",,EMP-205,2020-10-27 17:16:01,EMP-205,,FAC-1603793761324,FACILITY KOMISARIS UTAMA,"","",ACTIVE,"{""destinationKey"":null,""destinationName"":null}","{""bizparKey"":""FAC-TEMP-TYP-001"",""bizparStatus"":""ACTIVE"",""bizparValue"":""Dalam Kota"",""bizparCreationalDTO"":{""createdBy"":""SYSTEM"",""createdDate"":""26-10-2020 16:32:14"",""modifiedBy"":null,""modifiedDate"":null},""bizparCategory"":""FACILITY_TEMPLATE_TYPE""}"
51,"{""esID"":""ES-1604890793920"",""esSubcoID"":""SUBCO-160489079392053"",""esName"":""Bank Artha Graha Sudirman (KPNO)""}",,EMP-205,2020-10-27 17:16:32,EMP-205,,FAC-1603793792694,FACILITY WAKIL KOMISARIS UTAMA,"","",ACTIVE,"{""destinationKey"":null,""destinationName"":null}","{""bizparKey"":""FAC-TEMP-TYP-001"",""bizparStatus"":""ACTIVE"",""bizparValue"":""Dalam Kota"",""bizparCreationalDTO"":{""createdBy"":""SYSTEM"",""createdDate"":""26-10-2020 16:32:14"",""modifiedBy"":null,""modifiedDate"":null},""bizparCategory"":""FACILITY_TEMPLATE_TYPE""}"
52,"{""esID"":""ES-1604890793920"",""esSubcoID"":""SUBCO-160489079392053"",""esName"":""Bank Artha Graha Sudirman (KPNO)""}",,EMP-205,2020-10-27 17:16:55,EMP-205,,FAC-1603793815873,FACILITY WAKIL DIREKTUR UTAMA,"","",ACTIVE,"{""destinationKey"":null,""destinationName"":null}","{""bizparKey"":""FAC-TEMP-TYP-001"",""bizparStatus"":""ACTIVE"",""bizparValue"":""Dalam Kota"",""bizparCreationalDTO"":{""createdBy"":""SYSTEM"",""createdDate"":""26-10-2020 16:32:14"",""modifiedBy"":null,""modifiedDate"":null},""bizparCategory"":""FACILITY_TEMPLATE_TYPE""}"
54,"{""esID"":""ES-1604890793920"",""esSubcoID"":""SUBCO-160489079392053"",""esName"":""Bank Artha Graha Sudirman (KPNO)""}",,EMP-205,2020-10-27 17:26:05,EMP-205,,FAC-1603794365984,FACILITY SENIOR OFFICER SENTRA OPERASI,"","",ACTIVE,"{""destinationKey"":null,""destinationName"":null}","{""bizparKey"":""FAC-TEMP-TYP-001"",""bizparStatus"":""ACTIVE"",""bizparValue"":""Dalam Kota"",""bizparCreationalDTO"":{""createdBy"":""SYSTEM"",""createdDate"":""26-10-2020 16:32:14"",""modifiedBy"":null,""modifiedDate"":null},""bizparCategory"":""FACILITY_TEMPLATE_TYPE""}"
55,"{""esID"":""ES-1604890793920"",""esSubcoID"":""SUBCO-160489079392053"",""esName"":""Bank Artha Graha Sudirman (KPNO)""}",,EMP-205,2020-10-28 12:05:51,EMP-205,,FAC-1603861551890,FACILITY DIREKTUR UTAMA,"","",ACTIVE,"{""destinationKey"":null,""destinationName"":null}","{""bizparKey"":""FAC-TEMP-TYP-001"",""bizparStatus"":""ACTIVE"",""bizparValue"":""Dalam Kota"",""bizparCreationalDTO"":{""createdBy"":""SYSTEM"",""createdDate"":""26-10-2020 16:32:14"",""modifiedBy"":null,""modifiedDate"":null},""bizparCategory"":""FACILITY_TEMPLATE_TYPE""}"
42,"{""esID"":""ES-1604890793920"",""esSubcoID"":""SUBCO-160489079392053"",""esName"":""Bank Artha Graha Sudirman (KPNO)""}","[{""facilityDetailID"":""FACDET-1603778735256"",""facilityDetailNotes"":"""",""facilityDetailQty"":1,""facilityType"":{""bizparKey"":""FACTYP-003"",""bizparStatus"":""ACTIVE"",""bizparValue"":""TUNJANGAN ALAT KOMUNIKASI"",""bizparCreationalDTO"":{""createdBy"":""SYSTEM"",""createdDate"":""19-01-2020 14:45:07"",""modifiedBy"":"""",""modifiedDate"":null},""bizparCategory"":""FACILITY_TYPE""},""facilitycategory"":{""bizparKey"":""FACTYP-003-FACCAT-001"",""bizparStatus"":""ACTIVE"",""bizparValue"":""HP CUG"",""bizparCreationalDTO"":{""createdBy"":""SYSTEM"",""createdDate"":""19-01-2020 14:45:07"",""modifiedBy"":"""",""modifiedDate"":null},""bizparCategory"":""FACILITY_CATEGORY""}},{""facilityDetailID"":""FACDET-1603778790786"",""facilityDetailNotes"":"""",""facilityDetailQty"":100000,""facilityType"":{""bizparKey"":""FACTYP-003"",""bizparStatus"":""ACTIVE"",""bizparValue"":""TUNJANGAN ALAT KOMUNIKASI"",""bizparCreationalDTO"":{""createdBy"":""SYSTEM"",""createdDate"":""19-01-2020 14:45:07"",""modifiedBy"":"""",""modifiedDate"":null},""bizparCategory"":""FACILITY_TYPE""},""facilitycategory"":{""bizparKey"":""FACTYP-003-FACCAT-002"",""bizparStatus"":""ACTIVE"",""bizparValue"":""PULSA ABODEMEN"",""bizparCreationalDTO"":{""createdBy"":""SYSTEM"",""createdDate"":""19-01-2020 14:45:07"",""modifiedBy"":"""",""modifiedDate"":null},""bizparCategory"":""FACILITY_CATEGORY""}},{""facilityDetailID"":""FACDET-1603778819936"",""facilityDetailNotes"":"""",""facilityDetailQty"":200000,""facilityType"":{""bizparKey"":""FACTYP-003"",""bizparStatus"":""ACTIVE"",""bizparValue"":""TUNJANGAN ALAT KOMUNIKASI"",""bizparCreationalDTO"":{""createdBy"":""SYSTEM"",""createdDate"":""19-01-2020 14:45:07"",""modifiedBy"":"""",""modifiedDate"":null},""bizparCategory"":""FACILITY_TYPE""},""facilitycategory"":{""bizparKey"":""FACTYP-003-FACCAT-003"",""bizparStatus"":""ACTIVE"",""bizparValue"":""PULSA KELUAR TELKOMSEL"",""bizparCreationalDTO"":{""createdBy"":""SYSTEM"",""createdDate"":""19-01-2020 14:45:07"",""modifiedBy"":"""",""modifiedDate"":null},""bizparCategory"":""FACILITY_CATEGORY""}},{""facilityDetailID"":""FACDET-1603778837857"",""facilityDetailNotes"":"""",""facilityDetailQty"":100,""facilityType"":{""bizparKey"":""FACTYP-002"",""bizparStatus"":""ACTIVE"",""bizparValue"":""TUNJANGAN KENDARAAN"",""bizparCreationalDTO"":{""createdBy"":""SYSTEM"",""createdDate"":""19-01-2020 14:45:07"",""modifiedBy"":"""",""modifiedDate"":null},""bizparCategory"":""FACILITY_TYPE""},""facilitycategory"":{""bizparKey"":""FACTYP-002-FACCAT-003"",""bizparStatus"":""ACTIVE"",""bizparValue"":""BENSIN"",""bizparCreationalDTO"":{""createdBy"":""SYSTEM"",""createdDate"":""19-01-2020 14:45:07"",""modifiedBy"":"""",""modifiedDate"":null},""bizparCategory"":""FACILITY_CATEGORY""}}]",EMP-205,2020-10-27 13:04:24,EMP-205,2020-10-27 13:07:17,FAC-1603778664950,FACILITY SENIOR OFFICER TEAM LEADER,"","",ACTIVE,"{""destinationKey"":null,""destinationName"":null}","{""bizparKey"":""FAC-TEMP-TYP-001"",""bizparStatus"":""ACTIVE"",""bizparValue"":""Luar Kota"",""bizparCreationalDTO"":{""createdBy"":""SYSTEM"",""createdDate"":""26-10-2020 16:32:14"",""modifiedBy"":null,""modifiedDate"":null},""bizparCategory"":""FACILITY_TEMPLATE_TYPE""}"
44,"{""esID"":""ES-1604890793920"",""esSubcoID"":""SUBCO-160489079392053"",""esName"":""Bank Artha Graha Sudirman (KPNO)""}","[{""facilityDetailID"":""FACDET-1603779062980"",""facilityDetailNotes"":"""",""facilityDetailQty"":1,""facilityType"":{""bizparKey"":""FACTYP-001"",""bizparStatus"":""ACTIVE"",""bizparValue"":""KENDARAAN"",""bizparCreationalDTO"":{""createdBy"":""SYSTEM"",""createdDate"":""19-01-2020 14:45:07"",""modifiedBy"":"""",""modifiedDate"":null},""bizparCategory"":""FACILITY_TYPE""},""facilitycategory"":{""bizparKey"":""FACTYP-001-FACCAT-001"",""bizparStatus"":""ACTIVE"",""bizparValue"":""MOBIL BRV"",""bizparCreationalDTO"":{""createdBy"":""SYSTEM"",""createdDate"":""19-01-2020 14:45:07"",""modifiedBy"":"""",""modifiedDate"":null},""bizparCategory"":""FACILITY_CATEGORY""}},{""facilityDetailID"":""FACDET-1603779073108"",""facilityDetailNotes"":"""",""facilityDetailQty"":1,""facilityType"":{""bizparKey"":""FACTYP-003"",""bizparStatus"":""ACTIVE"",""bizparValue"":""TUNJANGAN ALAT KOMUNIKASI"",""bizparCreationalDTO"":{""createdBy"":""SYSTEM"",""createdDate"":""19-01-2020 14:45:07"",""modifiedBy"":"""",""modifiedDate"":null},""bizparCategory"":""FACILITY_TYPE""},""facilitycategory"":{""bizparKey"":""FACTYP-003-FACCAT-001"",""bizparStatus"":""ACTIVE"",""bizparValue"":""HP CUG"",""bizparCreationalDTO"":{""createdBy"":""SYSTEM"",""createdDate"":""19-01-2020 14:45:07"",""modifiedBy"":"""",""modifiedDate"":null},""bizparCategory"":""FACILITY_CATEGORY""}},{""facilityDetailID"":""FACDET-1603779091049"",""facilityDetailNotes"":"""",""facilityDetailQty"":100000,""facilityType"":{""bizparKey"":""FACTYP-003"",""bizparStatus"":""ACTIVE"",""bizparValue"":""TUNJANGAN ALAT KOMUNIKASI"",""bizparCreationalDTO"":{""createdBy"":""SYSTEM"",""createdDate"":""19-01-2020 14:45:07"",""modifiedBy"":"""",""modifiedDate"":null},""bizparCategory"":""FACILITY_TYPE""},""facilitycategory"":{""bizparKey"":""FACTYP-003-FACCAT-002"",""bizparStatus"":""ACTIVE"",""bizparValue"":""PULSA ABODEMEN"",""bizparCreationalDTO"":{""createdBy"":""SYSTEM"",""createdDate"":""19-01-2020 14:45:07"",""modifiedBy"":"""",""modifiedDate"":null},""bizparCategory"":""FACILITY_CATEGORY""}},{""facilityDetailID"":""FACDET-1603779108878"",""facilityDetailNotes"":"""",""facilityDetailQty"":400000,""facilityType"":{""bizparKey"":""FACTYP-003"",""bizparStatus"":""ACTIVE"",""bizparValue"":""TUNJANGAN ALAT KOMUNIKASI"",""bizparCreationalDTO"":{""createdBy"":""SYSTEM"",""createdDate"":""19-01-2020 14:45:07"",""modifiedBy"":"""",""modifiedDate"":null},""bizparCategory"":""FACILITY_TYPE""},""facilitycategory"":{""bizparKey"":""FACTYP-003-FACCAT-003"",""bizparStatus"":""ACTIVE"",""bizparValue"":""PULSA KELUAR TELKOMSEL"",""bizparCreationalDTO"":{""createdBy"":""SYSTEM"",""createdDate"":""19-01-2020 14:45:07"",""modifiedBy"":"""",""modifiedDate"":null},""bizparCategory"":""FACILITY_CATEGORY""}},{""facilityDetailID"":""FACDET-1603779132662"",""facilityDetailNotes"":"""",""facilityDetailQty"":200,""facilityType"":{""bizparKey"":""FACTYP-002"",""bizparStatus"":""ACTIVE"",""bizparValue"":""TUNJANGAN KENDARAAN"",""bizparCreationalDTO"":{""createdBy"":""SYSTEM"",""createdDate"":""19-01-2020 14:45:07"",""modifiedBy"":"""",""modifiedDate"":null},""bizparCategory"":""FACILITY_TYPE""},""facilitycategory"":{""bizparKey"":""FACTYP-002-FACCAT-003"",""bizparStatus"":""ACTIVE"",""bizparValue"":""BENSIN"",""bizparCreationalDTO"":{""createdBy"":""SYSTEM"",""createdDate"":""19-01-2020 14:45:07"",""modifiedBy"":"""",""modifiedDate"":null},""bizparCategory"":""FACILITY_CATEGORY""}}]",EMP-205,2020-10-27 13:10:39,EMP-205,2020-10-27 13:12:12,FAC-1603779039850,FACILITY EXECUTIVE OFFICER CABANG,"","",ACTIVE,,"{""bizparKey"":""FAC-TEMP-TYP-001"",""bizparStatus"":""ACTIVE"",""bizparValue"":""Luar Kota"",""bizparCreationalDTO"":{""createdBy"":""SYSTEM"",""createdDate"":""26-10-2020 16:32:14"",""modifiedBy"":null,""modifiedDate"":null},""bizparCategory"":""FACILITY_TEMPLATE_TYPE""}"
46,"{""esID"":""ES-1604890793920"",""esSubcoID"":""SUBCO-160489079392053"",""esName"":""Bank Artha Graha Sudirman (KPNO)""}","[{""facilityDetailID"":""FACDET-1603779414250"",""facilityDetailNotes"":"""",""facilityDetailQty"":1,""facilityType"":{""bizparKey"":""FACTYP-001"",""bizparStatus"":""ACTIVE"",""bizparValue"":""KENDARAAN"",""bizparCreationalDTO"":{""createdBy"":""SYSTEM"",""createdDate"":""19-01-2020 14:45:07"",""modifiedBy"":"""",""modifiedDate"":null},""bizparCategory"":""FACILITY_TYPE""},""facilitycategory"":{""bizparKey"":""FACTYP-001-FACCAT-003"",""bizparStatus"":""ACTIVE"",""bizparValue"":""MOBIL TOYOTA ALPHARD"",""bizparCreationalDTO"":{""createdBy"":""SYSTEM"",""createdDate"":""19-01-2020 14:45:07"",""modifiedBy"":"""",""modifiedDate"":null},""bizparCategory"":""FACILITY_CATEGORY""}}]",EMP-205,2020-10-27 13:16:26,EMP-205,2020-10-27 13:16:54,FAC-1603779386752,FACILITY DIREKTUR,"","",ACTIVE,,"{""bizparKey"":""FAC-TEMP-TYP-001"",""bizparStatus"":""ACTIVE"",""bizparValue"":""Luar Kota"",""bizparCreationalDTO"":{""createdBy"":""SYSTEM"",""createdDate"":""26-10-2020 16:32:14"",""modifiedBy"":null,""modifiedDate"":null},""bizparCategory"":""FACILITY_TEMPLATE_TYPE""}"
48,"{""esID"":""ES-1604890793920"",""esSubcoID"":""SUBCO-160489079392053"",""esName"":""Bank Artha Graha Sudirman (KPNO)""}",,EMP-205,2020-10-27 14:09:22,EMP-205,,FAC-1603782562305,FACILITY STAFF,"","",ACTIVE,"{""destinationKey"":null,""destinationName"":null}","{""bizparKey"":""FAC-TEMP-TYP-001"",""bizparStatus"":""ACTIVE"",""bizparValue"":""Dalam Kota"",""bizparCreationalDTO"":{""createdBy"":""SYSTEM"",""createdDate"":""26-10-2020 16:32:14"",""modifiedBy"":null,""modifiedDate"":null},""bizparCategory"":""FACILITY_TEMPLATE_TYPE""}"
49,"{""esID"":""ES-1604890793920"",""esSubcoID"":""SUBCO-160489079392053"",""esName"":""Bank Artha Graha Sudirman (KPNO)""}",,EMP-205,2020-10-27 17:15:01,EMP-205,,FAC-1603793701560,FACILITY ASSOCIATE DIRECTOR,"","",ACTIVE,"{""destinationKey"":null,""destinationName"":null}","{""bizparKey"":""FAC-TEMP-TYP-001"",""bizparStatus"":""ACTIVE"",""bizparValue"":""Dalam Kota"",""bizparCreationalDTO"":{""createdBy"":""SYSTEM"",""createdDate"":""26-10-2020 16:32:14"",""modifiedBy"":null,""modifiedDate"":null},""bizparCategory"":""FACILITY_TEMPLATE_TYPE""}"
53,"{""esID"":""ES-1604890793920"",""esSubcoID"":""SUBCO-160489079392053"",""esName"":""Bank Artha Graha Sudirman (KPNO)""}",[],EMP-205,2020-10-27 17:18:05,EMP-205,2020-11-05 11:20:42,FAC-1603793885578,FACILITY KARYAWAN,"","",ACTIVE,,"{""bizparKey"":""FAC-TEMP-TYP-001"",""bizparStatus"":""ACTIVE"",""bizparValue"":""Dalam Kota"",""bizparCreationalDTO"":{""createdBy"":""SYSTEM"",""createdDate"":""26-10-2020 16:32:14"",""modifiedBy"":null,""modifiedDate"":null},""bizparCategory"":""FACILITY_TEMPLATE_TYPE""}"
40,"{""esID"":""ES-1604890793920"",""esSubcoID"":""SUBCO-160489079392053"",""esName"":""Bank Artha Graha Sudirman (KPNO)""}","[{""facilityDetailID"":""FACDET-1603778440585"",""facilityDetailNotes"":"""",""facilityDetailQty"":100,""facilityType"":{""bizparKey"":""FACTYP-002"",""bizparStatus"":""ACTIVE"",""bizparValue"":""TUNJANGAN KENDARAAN"",""bizparCreationalDTO"":{""createdBy"":""SYSTEM"",""createdDate"":""19-01-2020 14:45:07"",""modifiedBy"":"""",""modifiedDate"":null},""bizparCategory"":""FACILITY_TYPE""},""facilitycategory"":{""bizparKey"":""FACTYP-002-FACCAT-003"",""bizparStatus"":""ACTIVE"",""bizparValue"":""BENSIN"",""bizparCreationalDTO"":{""createdBy"":""SYSTEM"",""createdDate"":""19-01-2020 14:45:07"",""modifiedBy"":"""",""modifiedDate"":null},""bizparCategory"":""FACILITY_CATEGORY""}}]",EMP-205,2020-10-27 12:57:46,EMP-205,2020-10-27 13:00:40,FAC-1603778266357,FACILITY SENIOR OFFICER KANTOR LAYANAN,"","",ACTIVE,,"{""bizparKey"":""FAC-TEMP-TYP-001"",""bizparStatus"":""ACTIVE"",""bizparValue"":""Luar Kota"",""bizparCreationalDTO"":{""createdBy"":""SYSTEM"",""createdDate"":""26-10-2020 16:32:14"",""modifiedBy"":null,""modifiedDate"":null},""bizparCategory"":""FACILITY_TEMPLATE_TYPE""}"
41,"{""esID"":""ES-1604890793920"",""esSubcoID"":""SUBCO-160489079392053"",""esName"":""Bank Artha Graha Sudirman (KPNO)""}","[{""facilityDetailID"":""FACDET-1603778558210"",""facilityDetailNotes"":"""",""facilityDetailQty"":1,""facilityType"":{""bizparKey"":""FACTYP-003"",""bizparStatus"":""ACTIVE"",""bizparValue"":""TUNJANGAN ALAT KOMUNIKASI"",""bizparCreationalDTO"":{""createdBy"":""SYSTEM"",""createdDate"":""19-01-2020 14:45:07"",""modifiedBy"":"""",""modifiedDate"":null},""bizparCategory"":""FACILITY_TYPE""},""facilitycategory"":{""bizparKey"":""FACTYP-003-FACCAT-001"",""bizparStatus"":""ACTIVE"",""bizparValue"":""HP CUG"",""bizparCreationalDTO"":{""createdBy"":""SYSTEM"",""createdDate"":""19-01-2020 14:45:07"",""modifiedBy"":"""",""modifiedDate"":null},""bizparCategory"":""FACILITY_CATEGORY""}},{""facilityDetailID"":""FACDET-1603778611342"",""facilityDetailNotes"":"""",""facilityDetailQty"":100000,""facilityType"":{""bizparKey"":""FACTYP-003"",""bizparStatus"":""ACTIVE"",""bizparValue"":""TUNJANGAN ALAT KOMUNIKASI"",""bizparCreationalDTO"":{""createdBy"":""SYSTEM"",""createdDate"":""19-01-2020 14:45:07"",""modifiedBy"":"""",""modifiedDate"":null},""bizparCategory"":""FACILITY_TYPE""},""facilitycategory"":{""bizparKey"":""FACTYP-003-FACCAT-002"",""bizparStatus"":""ACTIVE"",""bizparValue"":""PULSA ABODEMEN"",""bizparCreationalDTO"":{""createdBy"":""SYSTEM"",""createdDate"":""19-01-2020 14:45:07"",""modifiedBy"":"""",""modifiedDate"":null},""bizparCategory"":""FACILITY_CATEGORY""}},{""facilityDetailID"":""FACDET-1603778632450"",""facilityDetailNotes"":"""",""facilityDetailQty"":200000,""facilityType"":{""bizparKey"":""FACTYP-003"",""bizparStatus"":""ACTIVE"",""bizparValue"":""TUNJANGAN ALAT KOMUNIKASI"",""bizparCreationalDTO"":{""createdBy"":""SYSTEM"",""createdDate"":""19-01-2020 14:45:07"",""modifiedBy"":"""",""modifiedDate"":null},""bizparCategory"":""FACILITY_TYPE""},""facilitycategory"":{""bizparKey"":""FACTYP-003-FACCAT-003"",""bizparStatus"":""ACTIVE"",""bizparValue"":""PULSA KELUAR TELKOMSEL"",""bizparCreationalDTO"":{""createdBy"":""SYSTEM"",""createdDate"":""19-01-2020 14:45:07"",""modifiedBy"":"""",""modifiedDate"":null},""bizparCategory"":""FACILITY_CATEGORY""}}]",EMP-205,2020-10-27 13:00:52,EMP-205,2020-10-27 13:03:52,FAC-1603778452842,FACILITY ACCOUNT OFFICER,"","",ACTIVE,,"{""bizparKey"":""FAC-TEMP-TYP-001"",""bizparStatus"":""ACTIVE"",""bizparValue"":""Luar Kota"",""bizparCreationalDTO"":{""createdBy"":""SYSTEM"",""createdDate"":""26-10-2020 16:32:14"",""modifiedBy"":null,""modifiedDate"":null},""bizparCategory"":""FACILITY_TEMPLATE_TYPE""}"
43,"{""esID"":""ES-1604890793920"",""esSubcoID"":""SUBCO-160489079392053"",""esName"":""Bank Artha Graha Sudirman (KPNO)""}","[{""facilityDetailID"":""FACDET-1603778906658"",""facilityDetailNotes"":"""",""facilityDetailQty"":1,""facilityType"":{""bizparKey"":""FACTYP-001"",""bizparStatus"":""ACTIVE"",""bizparValue"":""KENDARAAN"",""bizparCreationalDTO"":{""createdBy"":""SYSTEM"",""createdDate"":""19-01-2020 14:45:07"",""modifiedBy"":"""",""modifiedDate"":null},""bizparCategory"":""FACILITY_TYPE""},""facilitycategory"":{""bizparKey"":""FACTYP-001-FACCAT-001"",""bizparStatus"":""ACTIVE"",""bizparValue"":""MOBIL BRV"",""bizparCreationalDTO"":{""createdBy"":""SYSTEM"",""createdDate"":""19-01-2020 14:45:07"",""modifiedBy"":"""",""modifiedDate"":null},""bizparCategory"":""FACILITY_CATEGORY""}},{""facilityDetailID"":""FACDET-1603778922220"",""facilityDetailNotes"":"""",""facilityDetailQty"":1,""facilityType"":{""bizparKey"":""FACTYP-003"",""bizparStatus"":""ACTIVE"",""bizparValue"":""TUNJANGAN ALAT KOMUNIKASI"",""bizparCreationalDTO"":{""createdBy"":""SYSTEM"",""createdDate"":""19-01-2020 14:45:07"",""modifiedBy"":"""",""modifiedDate"":null},""bizparCategory"":""FACILITY_TYPE""},""facilitycategory"":{""bizparKey"":""FACTYP-003-FACCAT-001"",""bizparStatus"":""ACTIVE"",""bizparValue"":""HP CUG"",""bizparCreationalDTO"":{""createdBy"":""SYSTEM"",""createdDate"":""19-01-2020 14:45:07"",""modifiedBy"":"""",""modifiedDate"":null},""bizparCategory"":""FACILITY_CATEGORY""}},{""facilityDetailID"":""FACDET-1603778938772"",""facilityDetailNotes"":"""",""facilityDetailQty"":100000,""facilityType"":{""bizparKey"":""FACTYP-003"",""bizparStatus"":""ACTIVE"",""bizparValue"":""TUNJANGAN ALAT KOMUNIKASI"",""bizparCreationalDTO"":{""createdBy"":""SYSTEM"",""createdDate"":""19-01-2020 14:45:07"",""modifiedBy"":"""",""modifiedDate"":null},""bizparCategory"":""FACILITY_TYPE""},""facilitycategory"":{""bizparKey"":""FACTYP-003-FACCAT-002"",""bizparStatus"":""ACTIVE"",""bizparValue"":""PULSA ABODEMEN"",""bizparCreationalDTO"":{""createdBy"":""SYSTEM"",""createdDate"":""19-01-2020 14:45:07"",""modifiedBy"":"""",""modifiedDate"":null},""bizparCategory"":""FACILITY_CATEGORY""}},{""facilityDetailID"":""FACDET-1603778952263"",""facilityDetailNotes"":"""",""facilityDetailQty"":300000,""facilityType"":{""bizparKey"":""FACTYP-003"",""bizparStatus"":""ACTIVE"",""bizparValue"":""TUNJANGAN ALAT KOMUNIKASI"",""bizparCreationalDTO"":{""createdBy"":""SYSTEM"",""createdDate"":""19-01-2020 14:45:07"",""modifiedBy"":"""",""modifiedDate"":null},""bizparCategory"":""FACILITY_TYPE""},""facilitycategory"":{""bizparKey"":""FACTYP-003-FACCAT-003"",""bizparStatus"":""ACTIVE"",""bizparValue"":""PULSA KELUAR TELKOMSEL"",""bizparCreationalDTO"":{""createdBy"":""SYSTEM"",""createdDate"":""19-01-2020 14:45:07"",""modifiedBy"":"""",""modifiedDate"":null},""bizparCategory"":""FACILITY_CATEGORY""}},{""facilityDetailID"":""FACDET-1603778975243"",""facilityDetailNotes"":"""",""facilityDetailQty"":400000,""facilityType"":{""bizparKey"":""FACTYP-002"",""bizparStatus"":""ACTIVE"",""bizparValue"":""TUNJANGAN KENDARAAN"",""bizparCreationalDTO"":{""createdBy"":""SYSTEM"",""createdDate"":""19-01-2020 14:45:07"",""modifiedBy"":"""",""modifiedDate"":null},""bizparCategory"":""FACILITY_TYPE""},""facilitycategory"":{""bizparKey"":""FACTYP-002-FACCAT-001"",""bizparStatus"":""ACTIVE"",""bizparValue"":""PARKIR"",""bizparCreationalDTO"":{""createdBy"":""SYSTEM"",""createdDate"":""19-01-2020 14:45:07"",""modifiedBy"":"""",""modifiedDate"":null},""bizparCategory"":""FACILITY_CATEGORY""}},{""facilityDetailID"":""FACDET-1603778990731"",""facilityDetailNotes"":"""",""facilityDetailQty"":150,""facilityType"":{""bizparKey"":""FACTYP-002"",""bizparStatus"":""ACTIVE"",""bizparValue"":""TUNJANGAN KENDARAAN"",""bizparCreationalDTO"":{""createdBy"":""SYSTEM"",""createdDate"":""19-01-2020 14:45:07"",""modifiedBy"":"""",""modifiedDate"":null},""bizparCategory"":""FACILITY_TYPE""},""facilitycategory"":{""bizparKey"":""FACTYP-002-FACCAT-003"",""bizparStatus"":""ACTIVE"",""bizparValue"":""BENSIN"",""bizparCreationalDTO"":{""createdBy"":""SYSTEM"",""createdDate"":""19-01-2020 14:45:07"",""modifiedBy"":"""",""modifiedDate"":null},""bizparCategory"":""FACILITY_CATEGORY""}}]",EMP-205,2020-10-27 13:07:41,EMP-205,2020-10-27 13:09:50,FAC-1603778861841,FACILITY EXECUTIVE OFFICER KPNO,"","",ACTIVE,"{""destinationKey"":null,""destinationName"":null}","{""bizparKey"":""FAC-TEMP-TYP-001"",""bizparStatus"":""ACTIVE"",""bizparValue"":""Luar Kota"",""bizparCreationalDTO"":{""createdBy"":""SYSTEM"",""createdDate"":""26-10-2020 16:32:14"",""modifiedBy"":null,""modifiedDate"":null},""bizparCategory"":""FACILITY_TEMPLATE_TYPE""}"
45,"{""esID"":""ES-1604890793920"",""esSubcoID"":""SUBCO-160489079392053"",""esName"":""Bank Artha Graha Sudirman (KPNO)""}","[{""facilityDetailID"":""FACDET-1603779185100"",""facilityDetailNotes"":"""",""facilityDetailQty"":1,""facilityType"":{""bizparKey"":""FACTYP-001"",""bizparStatus"":""ACTIVE"",""bizparValue"":""KENDARAAN"",""bizparCreationalDTO"":{""createdBy"":""SYSTEM"",""createdDate"":""19-01-2020 14:45:07"",""modifiedBy"":"""",""modifiedDate"":null},""bizparCategory"":""FACILITY_TYPE""},""facilitycategory"":{""bizparKey"":""FACTYP-001-FACCAT-002"",""bizparStatus"":""ACTIVE"",""bizparValue"":""MOBIL CRV"",""bizparCreationalDTO"":{""createdBy"":""SYSTEM"",""createdDate"":""19-01-2020 14:45:07"",""modifiedBy"":"""",""modifiedDate"":null},""bizparCategory"":""FACILITY_CATEGORY""}},{""facilityDetailID"":""FACDET-1603779196065"",""facilityDetailNotes"":"""",""facilityDetailQty"":1,""facilityType"":{""bizparKey"":""FACTYP-003"",""bizparStatus"":""ACTIVE"",""bizparValue"":""TUNJANGAN ALAT KOMUNIKASI"",""bizparCreationalDTO"":{""createdBy"":""SYSTEM"",""createdDate"":""19-01-2020 14:45:07"",""modifiedBy"":"""",""modifiedDate"":null},""bizparCategory"":""FACILITY_TYPE""},""facilitycategory"":{""bizparKey"":""FACTYP-003-FACCAT-001"",""bizparStatus"":""ACTIVE"",""bizparValue"":""HP CUG"",""bizparCreationalDTO"":{""createdBy"":""SYSTEM"",""createdDate"":""19-01-2020 14:45:07"",""modifiedBy"":"""",""modifiedDate"":null},""bizparCategory"":""FACILITY_CATEGORY""}},{""facilityDetailID"":""FACDET-1603779216864"",""facilityDetailNotes"":"""",""facilityDetailQty"":100000,""facilityType"":{""bizparKey"":""FACTYP-003"",""bizparStatus"":""ACTIVE"",""bizparValue"":""TUNJANGAN ALAT KOMUNIKASI"",""bizparCreationalDTO"":{""createdBy"":""SYSTEM"",""createdDate"":""19-01-2020 14:45:07"",""modifiedBy"":"""",""modifiedDate"":null},""bizparCategory"":""FACILITY_TYPE""},""facilitycategory"":{""bizparKey"":""FACTYP-003-FACCAT-002"",""bizparStatus"":""ACTIVE"",""bizparValue"":""PULSA ABODEMEN"",""bizparCreationalDTO"":{""createdBy"":""SYSTEM"",""createdDate"":""19-01-2020 14:45:07"",""modifiedBy"":"""",""modifiedDate"":null},""bizparCategory"":""FACILITY_CATEGORY""}},{""facilityDetailID"":""FACDET-1603779232912"",""facilityDetailNotes"":"""",""facilityDetailQty"":300000,""facilityType"":{""bizparKey"":""FACTYP-003"",""bizparStatus"":""ACTIVE"",""bizparValue"":""TUNJANGAN ALAT KOMUNIKASI"",""bizparCreationalDTO"":{""createdBy"":""SYSTEM"",""createdDate"":""19-01-2020 14:45:07"",""modifiedBy"":"""",""modifiedDate"":null},""bizparCategory"":""FACILITY_TYPE""},""facilitycategory"":{""bizparKey"":""FACTYP-003-FACCAT-003"",""bizparStatus"":""ACTIVE"",""bizparValue"":""PULSA KELUAR TELKOMSEL"",""bizparCreationalDTO"":{""createdBy"":""SYSTEM"",""createdDate"":""19-01-2020 14:45:07"",""modifiedBy"":"""",""modifiedDate"":null},""bizparCategory"":""FACILITY_CATEGORY""}},{""facilityDetailID"":""FACDET-1603779254123"",""facilityDetailNotes"":"""",""facilityDetailQty"":400000,""facilityType"":{""bizparKey"":""FACTYP-002"",""bizparStatus"":""ACTIVE"",""bizparValue"":""TUNJANGAN KENDARAAN"",""bizparCreationalDTO"":{""createdBy"":""SYSTEM"",""createdDate"":""19-01-2020 14:45:07"",""modifiedBy"":"""",""modifiedDate"":null},""bizparCategory"":""FACILITY_TYPE""},""facilitycategory"":{""bizparKey"":""FACTYP-002-FACCAT-001"",""bizparStatus"":""ACTIVE"",""bizparValue"":""PARKIR"",""bizparCreationalDTO"":{""createdBy"":""SYSTEM"",""createdDate"":""19-01-2020 14:45:07"",""modifiedBy"":"""",""modifiedDate"":null},""bizparCategory"":""FACILITY_CATEGORY""}},{""facilityDetailID"":""FACDET-1603779271320"",""facilityDetailNotes"":"""",""facilityDetailQty"":200,""facilityType"":{""bizparKey"":""FACTYP-002"",""bizparStatus"":""ACTIVE"",""bizparValue"":""TUNJANGAN KENDARAAN"",""bizparCreationalDTO"":{""createdBy"":""SYSTEM"",""createdDate"":""19-01-2020 14:45:07"",""modifiedBy"":"""",""modifiedDate"":null},""bizparCategory"":""FACILITY_TYPE""},""facilitycategory"":{""bizparKey"":""FACTYP-002-FACCAT-003"",""bizparStatus"":""ACTIVE"",""bizparValue"":""BENSIN"",""bizparCreationalDTO"":{""createdBy"":""SYSTEM"",""createdDate"":""19-01-2020 14:45:07"",""modifiedBy"":"""",""modifiedDate"":null},""bizparCategory"":""FACILITY_CATEGORY""}},{""facilityDetailID"":""FACDET-1603779291134"",""facilityDetailNotes"":"""",""facilityDetailQty"":2500000,""facilityType"":{""bizparKey"":""FACTYP-002"",""bizparStatus"":""ACTIVE"",""bizparValue"":""TUNJANGAN KENDARAAN"",""bizparCreationalDTO"":{""createdBy"":""SYSTEM"",""createdDate"":""19-01-2020 14:45:07"",""modifiedBy"":"""",""modifiedDate"":null},""bizparCategory"":""FACILITY_TYPE""},""facilitycategory"":{""bizparKey"":""FACTYP-002-FACCAT-002"",""bizparStatus"":""ACTIVE"",""bizparValue"":""SUPIR"",""bizparCreationalDTO"":{""createdBy"":""SYSTEM"",""createdDate"":""19-01-2020 14:45:07"",""modifiedBy"":"""",""modifiedDate"":null},""bizparCategory"":""FACILITY_CATEGORY""}}]",EMP-205,2020-10-27 13:12:44,EMP-205,2020-10-27 13:14:51,FAC-1603779164791,FACILITY DEPUTY DIRECTOR,"","",ACTIVE,,"{""bizparKey"":""FAC-TEMP-TYP-001"",""bizparStatus"":""ACTIVE"",""bizparValue"":""Luar Kota"",""bizparCreationalDTO"":{""createdBy"":""SYSTEM"",""createdDate"":""26-10-2020 16:32:14"",""modifiedBy"":null,""modifiedDate"":null},""bizparCategory"":""FACILITY_TEMPLATE_TYPE""}"
47,"{""esID"":""ES-1604890793920"",""esSubcoID"":""SUBCO-160489079392053"",""esName"":""Bank Artha Graha Sudirman (KPNO)""}","[{""facilityDetailID"":""FACDET-1603779477303"",""facilityDetailNotes"":"""",""facilityDetailQty"":1,""facilityType"":{""bizparKey"":""FACTYP-001"",""bizparStatus"":""ACTIVE"",""bizparValue"":""KENDARAAN"",""bizparCreationalDTO"":{""createdBy"":""SYSTEM"",""createdDate"":""19-01-2020 14:45:07"",""modifiedBy"":"""",""modifiedDate"":null},""bizparCategory"":""FACILITY_TYPE""},""facilitycategory"":{""bizparKey"":""FACTYP-001-FACCAT-003"",""bizparStatus"":""ACTIVE"",""bizparValue"":""MOBIL TOYOTA ALPHARD"",""bizparCreationalDTO"":{""createdBy"":""SYSTEM"",""createdDate"":""19-01-2020 14:45:07"",""modifiedBy"":"""",""modifiedDate"":null},""bizparCategory"":""FACILITY_CATEGORY""}}]",EMP-205,2020-10-27 13:17:34,EMP-205,2020-10-27 13:17:57,FAC-1603779454254,FACILITY KOMISARIS,"","",ACTIVE,,"{""bizparKey"":""FAC-TEMP-TYP-001"",""bizparStatus"":""ACTIVE"",""bizparValue"":""Luar Kota"",""bizparCreationalDTO"":{""createdBy"":""SYSTEM"",""createdDate"":""26-10-2020 16:32:14"",""modifiedBy"":null,""modifiedDate"":null},""bizparCategory"":""FACILITY_TEMPLATE_TYPE""}"
56,"{""esID"":""ES-1604890793920"",""esSubcoID"":""SUBCO-160489079392053"",""esName"":""Bank Artha Graha Sudirman (KPNO)""}",,EMP-205,2020-10-28 12:41:48,EMP-205,,FAC-1603863708830,FACILITY  OFFICER OPERATION KK,"","",ACTIVE,"{""destinationKey"":null,""destinationName"":null}","{""bizparKey"":""FAC-TEMP-TYP-001"",""bizparStatus"":""ACTIVE"",""bizparValue"":""Dalam Kota"",""bizparCreationalDTO"":{""createdBy"":""SYSTEM"",""createdDate"":""26-10-2020 16:32:14"",""modifiedBy"":null,""modifiedDate"":null},""bizparCategory"":""FACILITY_TEMPLATE_TYPE""}"
61,"{""esID"":""ES-001"",""esSubcoID"":""SUBCO-001"",""esName"":""PT TIGA DAYA DIGITAL INDONESIA""}",,EMP-205,2020-11-26 13:55:40,EMP-205,2020-11-29 07:16:36,FAC-1606373740033,cek,"","",INACTIVE,"{""destinationKey"":null,""destinationName"":null}","{""bizparKey"":""FAC-TEMP-TYP-001"",""bizparStatus"":""ACTIVE"",""bizparValue"":""Dalam Kota"",""bizparCreationalDTO"":{""createdBy"":""SYSTEM"",""createdDate"":""26-10-2020 16:32:14"",""modifiedBy"":null,""modifiedDate"":null},""bizparCategory"":""FACILITY_TEMPLATE_TYPE""}"
